Form Name,Edit Name,Visible,Enable,Data Type,Data Value,Default Minmum Value,Custom Minmum Value,Default Maxmum Value,Custom Maxmum Value,Multiple
Function,bAutoSwitchToOperatorMode,1,0,Boolean,1,0,0,1,1, 
Function,iChangeOpTime,1,1,Integer,60,10,10,1000,1000, 
Function,bPressStartAutoSwitchToOperatorMode,0,0,Boolean, ,0,0,1,1, 
Function,BinModelPrime,0,0,Boolean, ,0,0,1,1, 
Function,bA03UseAfterHomeCarryAndSuckIcToRBin,1,1,Boolean,0,0,0,1,1, 
Function,bA04LoaderTraySplitFailCanSkip,1,1,Boolean,0,0,0,1,1, 
Function,bUseAutoDocking,1,1,Boolean,0,0,0,1,1, 
Function,bLastLoaderAutoCleanOutAndCheckAgain,0,0,Boolean, ,0,0,1,1, 
Function,bCloseSiteByIndexArm,1,1,Boolean,0,0,0,1,1, 
Function,bA09_1_AutoCloseArm,1,1,Boolean,0,0,0,1,1, 
Function,bAutoReTest,0,0,Boolean, ,0,0,1,1, 
Function,EnableA10TestModeForART,0,0,Boolean, ,0,0,1,1, 
Function,bA10_5SCKART_AutoCorrection,0,1,Boolean, ,0,0,1,1, 
Auto Retest Parameter,iAutoRetestLimit,0,0,Integer,1,Integer,1,1,1, 
Auto Retest Parameter,iFailYieldRate_ART,1,1,Integer,1,1,1,100,100, 
Auto Retest Parameter,A10_4_ARTTrayArmSpeed,1,1,Integer,1,1,1,100,100, 
Function,A10TestModeForART,0,0,Postive Integer, ,0,0,6,6, 
Barcode Reader,bBarcodeTime,0,0,Boolean, ,0,0,1,1, 
Barcode Reader,iBarcodeTime,0,0,Integer, ,0,0,0,0, 
Function,bClearLoaderDevice,0,0,Boolean, ,0,0,1,1, 
Function,bUseBarCodeSetWorkFile,0,0,Boolean, ,0,0,1,1, 
Function,bAutoDecayTest,1,1,Boolean,0,0,0,1,1, 
Index,dESDDataReportTime,1,1,Double,0,0.01,0.01,600,600, 
Function,bContactTestDropContact,0,0,Boolean, ,0,0,1,1, 
Function,bRESETButtonDisable,1,1,Boolean,0,0,0,1,1, 
Function,bA17_1RESETCleanOutWithoutTest,1,1,Boolean,0,0,0,1,1, 
Function,bUsePMAlarmFunction,0,0,Boolean, ,0,0,1,1, 
Function,bA20_1CheckRTCFunction,0,1,Boolean, ,0,0,1,1, 
Function,bA20_2CheckTrayIDFunction,0,1,Boolean, ,0,0,1,1, 
Function,bA20_3CheckAutocleanFunction,0,1,Boolean, ,0,0,1,1, 
Function,bA20_4CheckContsFailFunction,0,1,Boolean, ,0,0,1,1, 
Function,bA20_5CheckOCRFunction,0,1,Boolean, ,0,0,1,1, 
Function,bRotateDetectErrNeedShake,0,1,Boolean, ,0,0,1,1, 
Function,bA22MagneticScale,0,1,Boolean, ,0,0,1,1, 
Function,dMagneticScaleKeepRunRange,1,1,Double,0,0.01,0.01,10,10, 
Function,dMagneticScaleStopRunRange,1,1,Double,0,0.01,0.01,10,10, 
Function,bA23CheckLotNoInSLTReport,0,1,Boolean, ,0,0,1,1, 
Function,bA24AutoBackupSetupFile,0,1,Boolean, ,0,0,1,1, 
Function,bA26MotorSpeedSortDisplay,1,1,Boolean,0,0,0,1,1, 
Function,bA27EnableLightScale,1,1,Boolean,0,0,0,1,1, 
Function,bA27_1LogEnableLightScaleData,1,1,Boolean,0,0,0,1,1, 
Function,bA29EnableAutoCleanFunction,0,1,Boolean, ,0,0,1,1, 
Function,bA30SetupTeachFunction,0,1,Boolean, ,0,0,1,1, 
Function,bA33EnableAutoCleanIonFanFunction,0,0,Boolean, ,0,0,1,1, 
Function,bA33AutoCleanIonFanFunctionInitialStart,0,0,Boolean, ,0,0,1,1, 
Function,bA32EnableFTPAutomation,0,1,Boolean, ,0,0,1,1, 
Function,bA32_2ReturnHandlerID2OI,0,1,Boolean, ,0,0,1,1, 
Function,bA33SetMachineIC2ErrorBinAfterOutShuttleLossIC,0,1,Boolean, ,0,0,1,1, 
Function,bA35SetErrBinWhenOutShtLoseAndOutShtPickupErr,0,1,Boolean, ,0,0,1,1, 
Function,bA36OpenDoorSetErrBin,0,1,Boolean, ,0,0,1,1, 
Function,bA32LotStartLotEnd,0,1,Boolean, ,0,0,1,1, 
Function,bA35_SLT_Summary,0,1,Boolean, ,0,0,1,1, 
Function,bA32Enable1x4BiasYOffset,1,1,Boolean,0,0,0,1,1, 
Function,bA31EnableEQCMode,0,1,Boolean, ,0,0,1,1, 
Function,bA55EnablePMAlarmUpdateFromServerbyFTP,0,0,Boolean, ,0,0,1,1, 
Function,bA56EnableAutoTeachFunciton,0,0,Boolean, ,0,0,1,1, 
Function,iA56ShuttlePickUpOffsetWhenAutoTeach,0,0,Integer, ,0,0,0,0, 
Function,iA56SocketPickUpOffsetWhenAutoTeachOnly,0,0,Integer, ,0,0,0,0, 
Function,bA57_1SaveArmSpeedByMachine,0,1,Boolean, ,0,0,1,1, 
Function,bA57_2SaveTemperatureByMachine,0,1,Boolean, ,0,0,1,1, 
Function,bA57_3SaveOffsetByMachine,0,1,Boolean, ,0,0,1,1, 
PrecautionRecord,bB01_UsePrecautionRecordFunction,0,0,Boolean, ,0,0,1,1, 
PrecautionRecord,bB02_HanderMajorMaintenanceRecordFunction,0,0,Boolean, ,0,0,1,1, 
Function,bFanDirection,1,1,Boolean,0,0,0,1,1, 
Index,bC04EnableTestTempIC,1,1,Boolean,0,0,0,1,1, 
OutPowerSave,PowersaveMode,0,0,Postive Integer, ,0,0,0,1, 
OutPowerSave,UsepowerSaveMotor,0,0,Boolean, ,0,0,1,1, 
OutPowerSave,UsepowerSaveTemp,0,0,Boolean, ,0,0,1,1, 
OutPowerSave,UsepowerSaveVacuum,0,0,Boolean, ,0,0,1,1, 
OutPowerSave,HaltTime_Motor,0,0,Integer, ,0,0,0,0, 
OutPowerSave,HaltTime_Temp,0,0,Integer, ,0,0,0,0, 
OutPowerSave,HaltTime_Vacuum,0,0,Integer, ,0,0,0,0, 
bCanByPassIonFan,Fan01,1,1,Boolean,0,0,0,1,1, 
bCanByPassIonFan,Fan02,1,1,Boolean,0,0,0,1,1, 
bCanByPassIonFan,Fan03,1,1,Boolean,0,0,0,1,1, 
bCanByPassIonFan,Fan04,1,1,Boolean,0,0,0,1,1, 
bCanByPassIonFan,Fan05,1,1,Boolean,0,0,0,1,1, 
bCanByPassIonFan,Fan06,1,1,Boolean,0,0,0,1,1, 
bCanByPassIonFan,Fan07,1,1,Boolean,0,0,0,1,1, 
bCanByPassIonFan,Fan08,1,1,Boolean,0,0,0,1,1, 
bCanByPassIonFan,Fan09,1,1,Boolean,0,0,0,1,1, 
bCanByPassIonFan,Fan10,1,1,Boolean,0,0,0,1,1, 
bCanByPassIonFan,Fan11,1,1,Boolean,1,0,0,1,1, 
bCanByPassIonFan,Fan12,1,1,Boolean,0,0,0,1,1, 
Index,bUseSocketSensor,1,1,Boolean,0,0,0,1,1, 
Index,bCheckSocketSensorDetectON,1,1,Boolean,0,0,0,1,1, 
Car Record,bCarRecord,0,1,Boolean, ,0,0,1,1, 
Car Record,iCarRecordDelayTime,1,1,Integer,1,1,1,200,200, 
Index,bEnable_ESD_COMERR_Report,1,1,Boolean,0,0,0,1,1, 
Function,bC12UsePEMode,0,1,Boolean, ,0,0,1,1, 
Function,bC13NeedToRestartGroundWhenInitialStart,0,1,Boolean, ,0,0,1,1, 
Function,bC14SaveBinDisplayLog,1,1,Boolean,0,0,0,1,1, 
Car Record,bC17UseDockingAreaSensorOpenCheck,1,1,Boolean,0,0,0,1,1, 
Car Record,bC18ReadLBAndDockingTempUse6015Module,1,1,Boolean,0,0,0,1,1, 
Car Record,bC19_1UseDewPointMeter,1,1,Boolean,0,0,0,1,1, 
Car Record,bC19_2EnableEnergySavingDryAir,1,1,Boolean,0,0,0,1,1, 
Car Record,dC19_3CheckTemperatureRange,1,1,Integer,3,0.01,0.01,180,180, 
Car Record,iC19_4DegreesBelowNotUseEnergySaving,1,1,Integer,10,10,10,1800,1800, 
Car Record,iC19_5DegreesOverUseEnergySaving,1,1,Integer,131,10,10,1800,1800, 
Car Record,bC19_6UseDewPointDetectSensorForIndexArm,1,1,Boolean,0,0,0,1,1, 
Index,bD01EnableReadTorque,1,1,Boolean,0,0,0,1,1, 
Index,iD01ReadTorqueTimeCount,1,1,Integer,0,0,0,1000,1000, 
Index,bD01_1EnableReadAndCheckTorque,1,1,Boolean,0,0,0,1,1, 
Index,dD01ReadTorque,0,0,Double, ,10,10,100,100, 
Index,dD01ReadTorqueDelayTime,0,0,Double, ,0.01,0.01,5,5, 
Index,bD02OffReadTorqueDuringTest,1,1,Boolean,0,0,0,1,1, 
Contact Force,bD04MinForceByFile,0,1,Boolean,0,0,0,1,1, 
Contact Force,dD04MinForceByFile,1,1,Double,0,1,1,120,120, 
Contact Force,dD04MinForceByFile_20mm,1,1,Double,0,1,1,120,120, 
Contact Force,dD04MinForceByFile_30mm,1,1,Double,0,1,1,120,120, 
Contact Force,dD04MinForceByFile_40mm,1,1,Double,0,1,1,120,120, 
Contact Force,dD04MinForceByFile_60mm,1,1,Double,0,1,1,120,120, 
Index,bD05ContactCountAlarm,0,1,Boolean, ,0,0,1,1, 
Contact Force,iD05_ContactCountAlarm,0,0,Integer, ,0,0,5000,5000, 
Index,bD06ContactOffsetDefaultValue,1,1,Boolean,0,0,0,1,1, 
Contact Force,dD06_ContactOffsetDefaultValue,1,1,Double,0,0,0,10,10, 
Index,bD10ManualHeightComptibleWithNS,1,1,Boolean,0,0,0,1,1, 
Index,bNoIcSkipAutoHeight,1,1,Boolean,0,0,0,1,1, 
Index,bUseDeviceFormPressDoShtHeight,1,1,Boolean,0,0,0,1,1, 
Index,bCheckIndexHomeSensor,1,1,Boolean,0,0,0,1,1, 
Index,bD14_AutoHeightUseSetTorque,1,1,Boolean,0,0,0,1,1, 
Index,iD14_AutoHeightUseSetTorque,1,1,Integer,5,5,5,30,30, 
Index,bD15_AutoContactTest,1,1,Boolean,0,0,0,1,1, 
Index,bD16_StepContactTest,1,1,Boolean,0,0,0,1,1, 
Index,bD17_UseHardwareHeightToContact,1,1,Boolean,0,0,0,1,1, 
Index,bD18_AutoHeightWhenChangeRecipe,1,1,Boolean,0,0,0,1,1, 
Tester,bD21EnableFinishTestUpWait,1,1,Boolean,1,0,0,1,1, 
Tester,iD21FinishTestUpWaitHeight,1,1,Integer,700,0,0,1000,1000, 
Tester,iD21FinishTestUpWaitTime,1,1,Integer,10000,100,100,100000,100000, 
Index,bD22SupportMultiDoubleContact,1,1,Boolean,0,0,0,1,1, 
Index,bDoubleContactNoNeedReContact,1,1,Boolean,0,0,0,1,1, 
Index,iD22DoubleContactCount,1,1,Postive Integer,0,0,0,0,8, 
Index,bD22VerifyMode,0,0,Boolean, ,0,0,1,1, 
Index,bEveryDeviceDoubleContactFirstNoTestting,1,1,Boolean,0,0,0,1,1, 
Index,iMultiContactCount,1,1,Integer,2,2,2,30,30, 
EP Check,EnableEPCheckFuntion,0,1,Boolean,0,0,0,1,1, 
Index,bEnableEPEncoderRange,1,1,Boolean,0,0,0,1,1, 
Index,bEnableEPLog,1,1,Boolean,0,0,0,1,1, 
Index,bEnableEncodeShow,1,1,Boolean,0,0,0,1,1, 
Index,iEPEncoderRange,1,1,Integer,10,10,10,100,100, 
Index,iD26_3FixValueOrPercentage,0,0,Postive Integer, ,0,0,0,1, 
Index,UseSingleSite85kg,1,1,Boolean,0,0,0,1,1, 
Index,bD28MaxForceLimitByDiameter,1,1,Boolean,0,0,0,1,1, 
Index,bEnableIndexContactDelay,0,1,Boolean, ,0,0,1,1, 
Index,bD30EnableSiteModeSelect,1,1,Boolean,0,0,0,1,1, 
Configuration,bRTCChangeRecipeNeedreCreateModel,1,1,Boolean,0,0,0,1,1, 
Index,b35TrayPitchIndexDOnMoreThen500MSec,1,1,Boolean,0,0,0,1,1, 
Configuration,bRTCInitStartVerify,1,1,Boolean,0,0,0,1,1, 
Index,bGailDMCProtection,1,1,Boolean,0,0,0,1,1, 
Index,bRTCCheckSiteMap,0,1,Boolean, ,0,0,1,1, 
Index,bEnableRTCAutoModelVerify,0,1,Boolean, ,0,0,1,1, 
Index,bD36_1EnableRTCAutoModelVerifyLive,0,1,Boolean, ,0,0,1,1, 
Index,bD36_2AfterOneCycleNeedAutoVerify,0,1,Boolean, ,0,0,1,1, 
Index,bEnableManualProcess,0,1,Boolean, ,0,0,1,1, 
Index,bD38IndexPutICToShtNoWaitMotion,1,1,Boolean,0,0,0,1,1, 
Index,bD40IndexICFallDownMustPressFMotorDown,1,1,Boolean,0,0,0,1,1, 
Index,fD41SocketInitialICCheckPositionOffset,0,0,Double, ,0,0,10,10, 
Index,fIndexCheckOffset,0,0,Double, ,0,0,10,10, 
Index,iD41SocketInitialICCheckPosition,0,0,Postive Integer, ,0,0,0,1, 
Index,bD42IndexPickICShuttlePause,1,1,Boolean,0,0,0,1,1, 
Index,bIndexDropErrorCanRetryandSkip,1,1,Boolean,0,0,0,1,1, 
Index,bD43AutoRetryWhenIndexPickErr,1,1,Boolean,0,0,0,1,1, 
Index,bD43IndexPickErrCheckSocket,1,1,Boolean,0,0,0,1,1, 
Index,bD44CheckIndexICDestroy,1,1,Boolean,0,0,0,1,1, 
Index,TestHeadCheckVacuumHeight,1,1,Integer,0,0,0,2000,2000, 
Index,bD45UseOutArmCheckIndex,1,1,Boolean,0,0,0,1,1, 
Index,iD46WaitIndexDestroyTime,1,1,Integer,5,5,5,15,15, 
Index,bD47EnableSocketPurgeFunction,0,0,Boolean, ,0,0,1,1, 
Index,iD47SocketPurgeType,1,1,Postive Integer,0,0,0,0,1, 
Index,iD47SocketPurgeCount,1,1,Integer,0,0,0,10,10, 
Index,iD47SocketPurgeTime,1,1,Integer,0,0,0,10,10, 
Index,iD47SocketTestedCount,1,1,Integer,0,0,0,1000000,1000000, 
Index,dD47_5_ContactOffset,1,1,Double,0,-5,-5,5,5, 
Index,dD47_6_ShuttleOffset,1,1,Double,0,-5,-5,5,5, 
Index,bD48DisablePowerOffEmgStopZ1Z2KeyButton,1,1,Boolean,0,0,0,1,1, 
Index,bD49RTCAlarmSetIndexToErrBin,0,1,Boolean, ,0,0,1,1, 
Index,bD50IndexPickErrSkipNeedCheckVac,0,1,Boolean, ,0,0,1,1, 
Index,bD51UseOnecycleCleanOutFinishTestArmAtRear,1,1,Boolean,0,0,0,1,1, 
Index,bD52InterFaceErrHeadNeedUp,1,1,Boolean,0,0,0,1,1, 
Index,bD53CCDLightOn,1,1,Boolean,0,0,0,1,1, 
Index,iD53LightOnMin,1,1,Integer,1,1,1,10000,10000, 
Index,bSlowDown,1,1,Boolean,0,0,0,1,1, 
Index,iSlowDownScale,1,1,Integer,1,1,1,100,100, 
Index,bDisableIndexCheck,1,0,Boolean, ,0,0,1,1, 
Index,bYieldPiggyBackEnable,1,1,Boolean,0,0,0,1,1, 
Index,bSiteMapCloseDisplay,1,1,Boolean,0,0,0,1,1, 
Index,bUseArm1PickPlaceArm2Test,1,1,Boolean,0,0,0,1,1, 
Index,bD59_32SitePnpTogether,1,1,Boolean,0,0,0,1,1, 
Index,bD61IndexArmVacOffErrNeedPiggyBack,1,1,Boolean,0,0,0,1,1, 
Index,bD62PickUpErrorNeedPurge,1,1,Boolean,0,0,0,1,1, 
Index,iD62IndexBlowAirTime,0,0,Integer, ,0,0,0,0, 
Index,bD63CheckIndexZHomeToZPhaseDistanceRange,1,1,Boolean,0,0,0,1,1, 
Index,bD63_1FindMotorPhaseEveryGoHomeProcess,1,1,Boolean,0,0,0,1,1, 
Index,iD63IndexZHomeToZPhaseRange,1,1,Integer,1,1,1,10,10, 
Index,bD65EnableCheckSocketsensorFunction,0,1,Boolean, ,0,0,1,1, 
Index,bD66Initialstartautoheight,0,1,Boolean, ,0,0,1,1, 
Index,bD67LoadCellMeasure,0,1,Boolean, ,0,0,1,1, 
Index,dD68DistanceRange,1,1,Double,0,0.01,0.01,10,10, 
Index,iD69IndexCheckModeForAutoClean,0,1,Postive Integer, ,0,0,0,2, 
Index,bD70IndexCycleTimeRecord,0,1,Boolean, ,0,0,1,1, 
Index,iD71IndexCheckOnOffMode,1,1,Postive Integer,0,3,0,0,3, 
Index,bD72NNModeMoveShtAfterContact,1,1,Boolean,0,0,0,1,1, 
Index,bD73ContactModeFast,1,1,Boolean,0,0,0,1,1, 
In/Out Arm,bE33InOutArmZOffsetSameOne,0,0,Boolean,0,0,0,1,1, 
In/Out Arm,bE34InOutArmPitchZOffsetSameOne,1,1,Boolean,0,0,0,1,1, 
In/Out Arm,bInOutArmPlaceSkipSuckDetect,1,1,Boolean,0,0,0,1,1, 
In/Out Arm,iInArm60mmOffset,1,1,Integer,0,-100,-100,100,100, 
In/Out Arm,iOutArm60mmOffset,1,1,Integer,0,-100,-100,100,100, 
In/Out Arm,CheckHotPlateWhileInitialStart,1,1,Boolean,0,0,0,1,1, 
In/Out Arm,CheckHotPlateAfterCleanOutAndBeforeTrayFeed,1,1,Boolean,0,0,0,1,1, 
In/Out Arm,PutTheDevicesToErrorBin,1,1,Boolean,0,0,0,1,1, 
In/Out Arm,bClearAllHotICThenPickLoadIC,1,1,Boolean,0,0,0,1,1, 
In/Out Arm,b35TrayPitchInOutSpeedSmall80Percent,1,1,Boolean,0,0,0,1,1, 
In/Out Arm,bOutShuttleAlarmInArmServoOff,1,1,Boolean,0,0,0,1,1, 
In/Out Arm,bAutoCleanUseHotplate,1,1,Boolean,0,0,0,1,1, 
In/Out Arm,bEnableLoseDeviceOutShuttleServoOff,0,0,Boolean, ,0,0,1,1, 
In/Out Arm,bE45_AllSetupFileUseOneFile,1,1,Boolean,0,0,0,1,1, 
In/Out Arm,bE46_LoaderUse2Offset,1,1,Boolean,0,0,0,1,1, 
In/Out Arm,bE47_ShuttleUse4Offset,1,1,Boolean,0,0,0,1,1, 
In/Out Arm,bE48_ShuttleUse4Offset_Autoclean,1,1,Boolean,0,0,0,1,1, 
In/Out Arm,bE49_LoaderOnlyRetryAndCleanOut,1,1,Boolean,0,0,0,1,1, 
InOutArm,iE50_OutArmPickUpErrorOption,1,1,Postive Integer,0,0,0,0,2, 
In/Out Arm,bE51_EnableInArmZADC,1,1,Boolean,0,0,0,1,1, 
In/Out Arm,iE51_EnableInArmZADC,1,1,Integer,100,1,1,100,100, 
In/Out Arm,bE52_EnableOutArmZADC,1,1,Boolean,0,0,0,1,1, 
In/Out Arm,iE52_EnableOutArmZADC,1,1,Integer,100,1,1,100,100, 
In/Out Arm,bE53LowYieldAutoClean,1,1,Boolean,0,0,0,1,1, 
In/Out Arm,bE54CheckCloseSiteNoIC,1,1,Boolean,0,0,0,1,1, 
In/Out Arm,bE55UseFix3FullTray,0,0,Boolean, ,0,0,1,1, 
In/Out Arm,bE56LoaderRetryAtSamePosition,1,1,Boolean,0,0,0,1,1, 
In/Out Arm,bE57HPCanUseAnotherVacuumDelay,1,1,Boolean,0,0,0,1,1, 
In/Out Arm,bE57YPitchHome,1,1,Boolean,0,0,0,1,1, 
In/Out Arm,bE59GroupOffsetFile,1,1,Boolean,0,0,0,1,1, 
In/Out Arm,bE60PickLoaderDropAutoSkip,0,0,Boolean, ,0,0,1,1, 
In/Out Arm,bE61InArmStandbyPosOnLoader,1,1,Boolean,0,0,0,1,1, 
In/Out Arm,bE62TryPickLastRow,1,1,Boolean,0,0,0,1,1, 
In/Out Arm,bE63RetryPickLoader,1,1,Boolean,0,0,0,1,1, 
In/Out Arm,bE65_ClearTrayDataWhenOutArmDestoryErr,1,1,Boolean,0,0,0,1,1, 
In/Out Arm,bE66_LogHotPlateAction,1,1,Boolean,0,0,0,1,1, 
In/Out Arm,bE67_LoadPickerrorMoveWaitpos,1,1,Boolean,0,0,0,1,1, 
In/Out Arm,bE68RecheckInOutArmICFallDown,1,1,Boolean,0,0,0,1,1, 
In/Out Arm,iE68RecheckInOutArmICFallDown,1,1,Integer,100,1,1,100,100, 
In/Out Arm,bE69_PickupErrorPlacement,0,0,Boolean,0,0,0,1,1, 
Tray,bE70_UseTrayThickAdjustZHeight,0,0,Boolean, ,0,0,1,1, 
Tray,bE71_10TrayPitchLockTrayAssign,1,1,Boolean,0,0,0,1,1, 
Shuttle,bF01ShakeShuttleWhenJam,1,1,Boolean,0,0,0,1,1, 
Shuttle,iF01ShuttleShakeSpeed,1,1,Integer,100,1,1,100,100, 
Shuttle,bF03OutputShuttleSkipICMiss,1,1,Boolean,0,0,0,1,1, 
Shuttle,iF05ShuttlePurgeCount,1,1,Integer,1,1,1,100,100, 
Shuttle,bF05EnableShtPurgeFunction,1,1,Boolean,0,0,0,1,1, 
Shuttle,bF06InitialICCheck,1,1,Boolean,0,0,0,1,1, 
Shuttle,iF07OutShuttleSensorMode,1,1,Postive Integer,0,0,0,0,2, 
Shuttle,bF09CheckICWhichFirstTimeLoad,1,1,Boolean,0,0,0,1,1, 
Shuttle,bF11OutShtUseFrontRearSensor,0,0,Boolean, ,0,0,1,1, 
Rotate Shuttle,bRotateShNeedCheck,1,1,Boolean,0,0,0,1,1, 
Rotate Shuttle,dRoShCheckDelayTime,1,1,Double,0,0.01,0.01,1,1, 
Configuration,Rotate ADC,0,1,Integer,1,5,5,1,1, 
Configuration,RotateInitSpeed,1,1,Integer,50,1,1,100,100, 
Configuration,RotateJogHighSpeed,1,1,Integer,1500,1,1,5000,5000, 
Shuttle,bKnockShuttle,0,0,Boolean, ,0,0,1,1, 
Shuttle,bKnockShuttleFirst,0,0,Boolean, ,0,0,1,1, 
Shuttle,dKnockShuttleInterval,1,1,Double,0,0.01,0.01,1,1, 
Shuttle,iKnockShuttleNo,1,1,Integer,3,3,3,100,100, 
Shuttle,dF14KnockShuttleIntervalFirst,1,1,Double,0,0.01,0.01,1,1, 
Shuttle,iF14KnockShuttleNoFirst,1,1,Integer,3,1,1,100,100, 
Shuttle,OutShuttleLoseICNeedPWD,1,1,Boolean,0,0,0,1,1, 
Shuttle,CheckShuttleSensorBroken,1,1,Boolean,0,0,0,1,1, 
Shuttle,bF17Sht1First,1,1,Boolean,0,0,0,1,1, 
Shuttle,bInshuttleDetect,1,1,Boolean,0,0,0,1,1, 
Shuttle,bOutShuttleLoseICNeedPiggyback,1,1,Boolean,0,0,0,1,1, 
Shuttle,bF20InShuttleProminentDetect,0,0,Boolean, ,0,0,1,1, 
Shuttle,bF21InOutArmZMotorPrivate,1,1,Boolean,0,0,0,1,1, 
Shuttle,bF22InshuttleDetectOutNoIC,1,1,Boolean,0,0,0,1,1, 
Shuttle,bF23ShuttleVibration,0,0,Boolean, ,0,0,1,1, 
Shuttle,OutShuttleLoseIcOpenIndexDoor,1,1,Boolean,0,0,0,1,1, 
Shuttle,bF25VibrateForOutShuttle,1,1,Boolean,0,0,0,1,1, 
Shuttle,iF25VibrateTime,1,1,Integer,30,20,20,100,100, 
Shuttle,iF25OutShuttleJamSelectSkipOrRetry,1,1,Postive Integer,0,0,0,0,2, 
Shuttle,bF27OutShtLoseICNeedToPick,0,0,Boolean, ,0,0,1,1, 
Shuttle,bF26IndexCheckShuttlePos,1,1,Boolean,0,0,0,1,1, 
Shuttle,bF26AlwaysVibrateOnShuttle,0,0,Boolean, ,0,0,1,1, 
Shuttle,bF26InShuttleSensorFollow16site,1,1,Boolean,0,0,0,1,1, 
Shuttle,bF31EnableCheckShuttleMotorMoveOverTimesToJam,1,1,Boolean,0,0,0,1,1, 
Shuttle,F31_1_iShuttleMotorMoveCountSet,1,1,Integer,1000000,0,0,1000000,1000000, 
Shuttle,F31_2_iShuttleMotorMoveCountSet,1,1,Integer,1000000,0,0,1000000,1000000, 
Shuttle,F31_3_iShuttleMotorMoveCountNow,1,1,Integer,30,0,0,1000000,1000000, 
Shuttle,F31_4_iShuttleMotorMoveCountNow,1,1,Integer,30,0,0,1000000,1000000, 
Shuttle,F31_5_iShuttleMotorMoveCountHistroy,1,1,Integer,30,0,0,1000000,1000000, 
Shuttle,F31_6_iShuttleMotorMoveCountHistroy,1,1,Integer,30,0,0,1000000,1000000, 
Visible,bG01Show_TestRate,1,1,Boolean,0,0,0,1,1, 
Visible,bG04ShowFailAlarmCount,1,1,Boolean,0,0,0,1,1, 
Visible,bG05ShowSpeedMessage,1,1,Boolean,0,0,0,1,1, 
Visible,bHomeinitialCheckZ1,1,1,Boolean,0,0,0,1,1, 
Visible,bSupportMultiColorForFailBin,1,1,Boolean,0,0,0,1,1, 
Visible,bVisibleAreyousure,0,0,Boolean, ,0,0,1,1, 
Function,bNeedPasswordWhenEditSiteMap,0,0,Boolean, ,0,0,1,1, 
Visible,bG10ShowImmediateUPH,1,1,Boolean,0,0,0,1,1, 
Visible,bG11ASEReport,0,0,Boolean, ,0,0,1,1, 
Visible,bG12ContractModeManualMessage,0,0,Boolean, ,0,0,1,1, 
Visible,bG13ShowTempOffsetOnContact,1,1,Boolean,0,0,0,1,1, 
Visible,bG14UseStartSoundAlarm,1,1,Boolean,0,0,0,1,1, 
Visible,iStartWarrTime,1,1,Integer,1,1,1,10,10, 
Visible,bG15LoadInputCount,1,1,Boolean,0,0,0,1,1, 
Visible,bG16BinDispNeedAlarm,1,1,Boolean,0,0,0,1,1, 
Visible,b17bUseLoadCCDTrayMap,0,1,Boolean,0,0,0,1,1, 
Visible,b18bUseAutoTrayMap,1,1,Boolean,0,0,0,1,1, 
Visible,b18bDoubleUnloadTray,1,1,Boolean,0,0,0,1,1, 
Visible,iAuto1Count,1,1,Integer,2,2,2,40,40, 
Visible,iAuto2Count,1,1,Integer,2,2,2,40,40, 
Visible,iAuto3Count,1,1,Integer,2,2,2,40,40, 
Tester,bI01TesterFinishThenHome,1,1,Boolean,0,0,0,1,1, 
Tester,bI02_bHomeSetSocketICToErrBin,1,1,Boolean,0,0,0,1,1, 
Tester,bI03AmbientTempControl,1,0,Boolean, ,0,0,1,1, 
Tester,bI04EnableChangeBinDuringTesting,1,1,Boolean,0,0,0,1,1, 
Tester,bI05LowYieldForcedOneCycle,0,0,Boolean, ,0,0,1,1, 
Tester,bI06TurnOnI01AfterHome,1,1,Boolean,0,0,0,1,1, 
Tester,bI07ResetGPIBAfterOneCycleCleanOut,1,1,Boolean,0,0,0,1,1, 
Tester,bI08Check2DIDEnableWhenInitialStart,1,0,Boolean, ,0,0,1,1, 
Tester,bI09LowYieldOneCycleDontCleanShuttle,0,0,Boolean, ,0,0,1,1, 
Tester,bI12TesterTimerOutNotNeedReTest,1,1,Boolean,0,0,0,1,1, 
Tester,bI13InitStartDelayHasFTandRT,1,1,Boolean,0,0,0,1,1, 
Tester,bI16TTLSaveInSetupFile,1,1,Boolean,0,0,0,1,1, 
Tester,bCanReceiveEchoStop,1,1,Boolean,0,0,0,1,1, 
Tester,bAuToSitMapPauseWaitBin,1,1,Boolean,0,0,0,1,1, 
Tester,iI20ErrorBinAlphabet,1,1,Postive Integer,0,0,0,0,5, 
Auto Site Mapping,Enable Auto Site Mapping,0,0,Boolean, ,0,0,1,1, 
Auto Site Mapping,Skip Soak Time,0,0,Boolean, ,0,0,1,1, 
Auto Site Mapping,Use Same Soak Time,0,0,Boolean, ,0,0,1,1, 
Auto Site Mapping,bASMNeedCheckEachSiteOpen,0,0,Boolean, ,0,0,1,1, 
Auto Site Mapping,bASMRemoveLTrayManually,0,0,Boolean, ,0,0,1,1, 
Auto Site Mapping,bASMRunTimeCHeck,0,0,Boolean, ,0,0,1,1, 
Auto Site Mapping,bASMAutoSiteMapBinComBine,0,0,Boolean, ,0,0,1,1, 
Auto Site Mapping,bI21AutoSiteMappingUseHotplate,0,0,Boolean, ,0,0,1,1, 
Auto Site Mapping,bI21AutoSiteMappingFailBinSetting,0,0,Boolean, ,0,0,1,1, 
Tester,TestTimeOutCanSkip,1,1,Boolean,0,0,0,1,1, 
Tester,iI22TestTimeOutOption,1,1,Postive Integer,0,1,0,0,2, 
Tester,HotTestWaitingMode,1,1,Boolean,0,0,0,1,1, 
Tester,bTestingNeedStopAllMotor,0,0,Boolean, ,0,0,1,1, 
Temperature,iUseGPIBFormat,1,1,Postive Integer,0,0,0,0,1, 
Tester,bTestCloseSiteHaveBin,0,0,Boolean, ,0,0,1,1, 
Tester,bI27_ManualSortMode,0,0,Boolean, ,0,0,1,1, 
Tester,bI28_OnOffSiteOnTheFly,1,1,Boolean,0,0,0,1,1, 
Function,bEnableYieldRecord,1,1,Boolean,0,0,0,1,1, 
Function,bI29_1SaveYieldBySocketByBin,1,1,Boolean,0,0,0,1,1, 
Function,fYieldRecordInterval,1,1,Double,0,1,1,3000,3000, 
Tester,I30_bContFailBin,1,1,Boolean,0,0,0,1,1, 
Specific,I31_GPIBLotEnd,0,0,Boolean, ,0,0,1,1, 
Specific,bI31_2GPIBLotStart,0,0,Boolean, ,0,0,1,1, 
Specific,bI31_3GPIBReset,0,0,Boolean, ,0,0,1,1, 
Tester,bI32CanCelErrorBin,0,0,Boolean, ,0,0,1,1, 
Tester,bI33ErrorBinBox,1,1,Boolean,0,0,0,1,1, 
Tester,bI34AllSiteAreSameFailBinShowAlarm,0,0,Boolean, ,0,0,1,1, 
Tester,bI35UseThirdSiteControlByEngineer,1,1,Boolean,0,0,0,1,1, 
Tester,bI36TestTimeOut,1,1,Boolean,0,0,0,1,1, 
Tester,bI37_EnableFIFOMode,1,1,Boolean,0,0,0,1,1, 
Tester,bI37_EnableFIFOSiteOrder,1,1,Boolean,0,0,0,1,1, 
Tester,bI37_LockLoaderDirection,1,1,Boolean,0,0,0,1,1, 
Tester,bI38SETTEMPRespondSetTemp,1,1,Boolean,0,0,0,1,1, 
Tester,bI39SpiroxTesterLotEnd,1,1,Boolean,0,0,0,1,1, 
Tester,bI40_bStartProductOnLine,1,1,Boolean,0,0,0,1,1, 
Tester,bI41EnableEmptySocketCheck,1,1,Boolean,0,0,0,1,1, 
Tester,iI44_BinOfESC,1,1,Postive Integer,2,2,0,0,16, 
Tester,bI41_1_StartOfLot,1,1,Boolean,0,0,0,1,1, 
Tester,bI41_2_OpenChamberDoor,1,1,Boolean,0,0,0,1,1, 
Tester,bI41_3_AfterContactorTeminated,1,1,Boolean,0,0,0,1,1, 
Tester,bI41_4_AfterContactorJam,1,1,Boolean,0,0,0,1,1, 
Tester,bI41_5_RegularExecutionCycle,1,1,Boolean,0,0,0,1,1, 
Tester,iI41_5_RegularExecutionCycleCount,1,1,Integer,0,0,0,100000,100000, 
Tester,bI41_6_Manual,1,1,Boolean,0,0,0,1,1, 
Tester,bI42_bEnableBarcodeFlowErr,1,1,Boolean,0,0,0,1,1, 
Tester,bI06ResetGPIBAfterTrayFeedFinish,1,1,Boolean,0,0,0,1,1, 
Tester,bI44_LowYieldAlarmIntervalTimeBySetting,0,0,Boolean, ,0,0,1,1, 
Tester,iI44_LowYieldAlarmIntervalTime,0,0,Integer, ,1,1,300,300, 
Tempture,bL03SocketAirCoolingCT,1,1,Boolean,0,0,0,1,1, 
Tempture,iL03SocketAirCoolingCT,1,1,Integer,0,0,0,50,50, 
Tempture,iL04TemptureRange,1,1,Integer,2,2,2,10,10, 
Tempture,iL05ChamberTemptureRange,1,1,Integer,2,2,2,30,30, 
Temperature,iL05ChamberTemptureRange,1,1,Integer,0,0,0,10,10, 
Tempture,bL07UseSingleTenmpertureLimit,1,1,Boolean,0,0,0,1,1, 
Tempture,iSocketTemptureRange,1,1,Integer,2,2,2,30,30, 
Tempture,iSocketTemptureRangeUnder,1,1,Integer,2,2,2,30,30, 
Tempture,bL23HotTempShuttlenoAddPos,1,1,Boolean,0,0,0,1,1, 
Tempture,bL10IndexTestlogTemp,1,1,Boolean,0,0,0,1,1, 
Index,iATCTemperatureRange,1,1,Postive Integer,0,0,2,2,50, 
Index,iATCTemperatureRange,1,1,Integer,5,2,2,50,50, 
Index,bATCChillerProtectedFunction,1,1,Boolean,0,0,0,1,1, 
Index,dATCTemperatureCheckTime,1,1,Double,0,0.01,0.01,180,180, 
Index,iATCChillerCheckTime,1,1,Integer,20,5,5,300,300, 
Index,iATCTemperatureOverLimit,1,1,Integer,130,2,2,130,130, 
Index,bATCTemperatureOverAlarm,0,0,Boolean, ,0,0,1,1, 
Tempture,bATCUseTemperatureOutsideAlarm,0,0,Boolean, ,0,0,1,1, 
Tempture,bATCUseMaxSurgeAlarm,0,0,Boolean, ,0,0,1,1, 
Tempture,bATCUseTemperatureCompare,0,0,Boolean, ,0,0,1,1, 
Tempture,TempErrNoCloseHeater,1,1,Boolean,0,0,0,1,1, 
Tempture,bHotPlateAndShuttleUseOneTempOffset,1,1,Boolean,0,0,0,1,1, 
Tempture,bEnableChamberModeEvenBlowNeedWaitTime,0,0,Boolean, ,0,0,1,1, 
Tempture,bHeadHeaterOnWhenCloseSite,1,1,Boolean,0,0,0,1,1, 
Tempture,NofullsiteaddTemperatureoffset,0,0,Boolean, ,0,0,1,1, 
Tempture,bL19OpenHeatDoorgiveupchamberhot,0,0,Boolean, ,0,0,1,1, 
Tempture,bL20AbientGuardBand,1,1,Boolean,0,0,0,1,1, 
Tempture,bL21PowerOffTemperature,1,1,Boolean,0,0,0,1,1, 
Tempture,bL22Enable3SigmaTempMonitor,0,0,Boolean, ,0,0,1,1, 
Tempture,bL24HeaterStableTime,0,0,Boolean, ,0,0,1,1, 
Index,iL24HeaterStableTime,0,0,Integer, ,0,0,0,0, 
Tempture,bL30Use1CableLayoutKitByConfig,0,0,Boolean, ,0,0,1,1, 
Tempture,bL30Use1CableLayoutKit,0,0,Boolean, ,0,0,1,1, 
Tempture,bL31_1ATCTemperatureOverAlarm,1,1,Boolean,0,0,0,1,1, 
Tempture,iL31_1ATCTemperatureOverLimit,1,1,Integer,10,10,10,1800,1800, 
Tempture,bL31_2ATCTemperatureOverToErrorBin,1,1,Boolean,0,0,0,1,1, 
Tempture,bL31_3EnableATCTemperatrueLowerLimitAlarm,1,1,Boolean,0,0,0,1,1, 
Tempture,iL31_3ATCTemperatrueLowerLimitValue,1,1,Integer,10,10,10,1800,1800, 
Tempture,bL31_4EnableATCTemperatrueOffsetRange,1,1,Boolean,0,0,0,1,1, 
Tempture,iL31_4ATCTemperatrueOffsetRange,1,1,Integer,10,10,10,1800,1800, 
Tempture,bL32_1EnableDefrostFunction,1,1,Boolean,0,0,0,1,1, 
Tempture,bL32_2EnableDefrostFunction_Auto,1,1,Boolean,0,0,0,1,1, 
Tempture,bL32_3EnableNoPlateAutoOneCycleDefrost,1,1,Boolean,0,0,0,1,1, 
Tempture,iL32_4SetDefrostTempature,1,1,Integer,80,10,10,1800,1800, 
Tempture,iL32_5SetDefrostTime,1,1,Integer,20,10,10,1800,1800, 
Tempture,bL32_6EnableShuttingDownRefrigerant,1,1,Boolean,0,0,0,1,1, 
Tempture,bL32_7IndexArmToBlowOffWhenDefrosting,1,1,Boolean,0,0,0,1,1, 
Tempture,bL32_8EnableDefrostingAirStream,1,1,Boolean,0,0,0,1,1, 
Tempture,bL33_1EnableCheckDoorOpenOverTimeToJamFunction,1,1,Boolean,0,0,0,1,1, 
Tempture,iL33_2SetCheckDoorOpenOverTime,1,1,Integer,10,10,10,1800,1800, 
Tempture,iL33_3SetCheckSmallDoorOpenOverTime,1,1,Integer,10,10,10,1800,1800, 
Tempture,bL33_4DoorOpenOverTimeToAutoHeatAndATCDisConnect,1,1,Boolean,0,0,0,1,1, 
Tempture,iL33_5DoorOpenOverTime_Temperature_Door,1,1,Integer,10,10,10,1800,1800, 
Tempture,iL33_6DoorOpenOverTime_Temperature_HatchwayDoor,1,1,Integer,10,10,10,1800,1800, 
Tempture,iL33_7SetCheckDoorOpenOverTime_ColdTemperature,1,1,Integer,25,10,10,1800,1800, 
Tempture,iL33_8SetCheckDoorOpenOverTime_HotTemperature,1,1,Integer,131,10,10,1800,1800, 
Tempture,bL34_1DoorOpenWaitingTime_EnableFunction,1,1,Boolean,0,0,0,1,1, 
Tempture,iL34_2DoorOpenWaitingTime_SetTimeSec,1,1,Integer,30,10,10,1800,1800, 
Tempture,dL34_3DoorOpenWaitingTime_SetDewPoint,1,1,Double,0,0.01,0.01,180,180, 
Tempture,iL34_4DoorOpenWaitingTime_SetOpenAuto3TrackFloodgGateSec,1,1,Integer,10,10,10,1800,1800, 
Tempture,bL34_5DoorOpenWaitingTime_EnableFifthDoorCylinderNotAutoOpen,1,1,Boolean,0,0,0,1,1, 
Tempture,bL35_1OverSetTempMustOpenFan_EnableFunction,1,1,Boolean,0,0,0,1,1, 
Tempture,iL35_2OverSetTempMustOpenFan_SetTemperature,1,1,Integer,130,10,10,1800,1800, 
Tempture,bL35_3OverSetTempMustOpenFan_NotUseVaccumCheckKit,1,1,Boolean,0,0,0,1,1, 
Tempture,bL36_1DockingAreaOpenOverTimeToJamFunction,1,1,Boolean,0,0,0,1,1, 
Tempture,iL36_2SetCheckDockingAreaOpenOverTime,1,1,Integer,10,10,10,1800,1800, 
Tempture,iL37_1_1TriTempMachineHeatLowTempOffSet_1,1,1,Integer,10,10,10,1800,1800, 
Tempture,iL37_1_1TriTempMachineHeatLowTempOffSet_2,1,1,Integer,0,0.01,0.01,180,180, 
Tempture,iL37_2_1TriTempMachineHeatHighTempOffSet_1,1,1,Integer,10,10,10,1800,1800, 
Tempture,iL37_2_1TriTempMachineHeatHighTempOffSet_2,1,1,Integer,0,0.01,0.01,180,180, 
Tempture,bL38_1EnableSendAtcWorkFileNameFormat_AddTemperature,1,1,Boolean,0,0,0,1,1, 
Tempture,bL39_1AirCoolerToCoolDown_SetEnable,1,1,Boolean,0,0,0,1,1, 
Tempture,iL39_2AirCoolerToCoolDown_SetTemperature,1,1,Integer,10,10,10,1800,1800, 
Tempture,bL40EnableHeaterTemperatureFilebyWorkFileFunction,1,1,Boolean,0,0,0,1,1, 
Tempture,bL41EnableAirStreamModuleCheckStatus,1,1,Boolean,0,0,0,1,1, 
Tempture,bL42bEnableAutoRunAfterWaitTemperatureInRange,1,1,Boolean,0,0,0,1,1, 
Tempture,bL43_1EnablethisFunction,1,1,Boolean,0,0,0,1,1, 
Tempture,iL43_2LowTemperatureOverSetTimeAlarm_SetDegree,1,1,Integer,10,10,10,1800,1800, 
Tempture,iL43_3_1LowTemperatureOverSetTimeAlarm_SetTimeHour,1,1,Integer,10,10,10,1800,1800, 
Tempture,iL43_3_2LowTemperatureOverSetTimeAlarm_SetTimeMin,1,1,Integer,10,10,10,1800,1800, 
Tempture,iL44TemperatureAlarmSecond,1,1,Integer,2,2,2,10,10, 
Monitor,bEnableMonitorFunction,0,0,Boolean, ,0,0,1,1, 
Monitor,bMonitorContactModeMustSelectDifferentSpeed,0,0,Boolean, ,0,0,1,1, 
Monitor,bMonitorSiteYieldDifferentMustOn,0,0,Boolean, ,0,0,1,1, 
Monitor,bMonitorSiteYieldContinueFailBySocketMustOn,0,0,Boolean, ,0,0,1,1, 
Monitor,bMonitorSiteYieldContinueFailByHeadMustOn,0,0,Boolean, ,0,0,1,1, 
Monitor,bMonitorInOutArmDeviceCheckMustOn,0,0,Boolean, ,0,0,1,1, 
Monitor,bMonitorIndexArmDeviceCheckDestoryMustOn,0,0,Boolean, ,0,0,1,1, 
Monitor,bMonitorAutoSpeedMustOn,0,0,Boolean, ,0,0,1,1, 
Monitor,bMonitorEveryFirstDeviceMustEnabled,0,0,Boolean, ,0,0,1,1, 
Monitor,bM0109RTCOffCheckYieldPiggyBack,0,0,Boolean, ,0,0,1,1, 
Monitor,bM1010Disable_I12,0,0,Boolean, ,0,0,1,1, 
Monitor,bM1012EnableAutoClean,0,0,Boolean, ,0,0,1,1, 
Monitor,bM1013Enable2DID,0,0,Boolean, ,0,0,1,1, 
Monitor,bM1014EnableATC,0,0,Boolean, ,0,0,1,1, 
Server,EnableWebService,0,0,Boolean, ,0,0,1,1, 
FTP,Use Barcode Reader,0,0,Boolean, ,0,0,1,1, 
SECS GEM,Enable SECS GEM,0,0,Boolean, ,0,0,1,1, 
SECS GEM,Enable RCMD START,0,0,Boolean, ,0,0,1,1, 
SECS GEM,SECS GEM OneCycle,0,0,Boolean, ,0,0,1,1, 
SECS GEM,Enable Employee ID Cheak,0,0,Boolean, ,0,0,1,1, 
Specific,N07_SecsLotCheck,0,0,Boolean, ,0,0,1,1, 
Automation,Save Log,0,0,Boolean, ,0,0,1,1, 
Automation,bN09_LotCountAutoFunc,0,0,Boolean, ,0,0,1,1, 
FTPUpLoad,bEnable_FTPUpLoadLog,0,0,Boolean, ,0,0,1,1, 
FTPUpLoad,bN10_UploadSummaryToFTP,0,0,Boolean, ,0,0,1,1, 
FTPUpLoad,bN10_DailyUploadProdData,0,0,Boolean, ,0,0,1,1, 
FTPUpLoad,cN10FtpUserName,1,1,Text,eap_handler_log,0,0,0,0, 
FTPUpLoad,cN10FtpPassword,1,1,Password,!qaz2wsx,0,0,0,0, 
FTPUpLoad,cN10FtpHost,1,1,Text,ch1fabfs05-ftp.kyec.com.tw,0,0,0,0, 
FTPUpLoad,iUploadToHostIntervalTime,1,1,Integer,60,5,5,3600,3600, 
FTPUpLoad,sN10UploadDrivePath,1,1,Text,D:\RMS,0,0,0,0, 
FTPUpLoad,bN10_9_UploadUnloadTrayToFTP,0,0,Boolean, ,0,0,1,1, 
FTPUpLoad,cN10FtpUplaodPath,1,1,Text,\,0,0,0,0, 
NETWORK,bN11_1CleanOutCloseSite,0,0,Boolean, ,0,0,1,1, 
FTP,Second Enable FTP,0,0,Boolean, ,0,0,1,1, 
ARMS,bN13_EnableARMSFunction,0,0,Boolean, ,0,0,1,1, 
Handler_OEE,N14_HandlerOEEUseFunction,0,0,Boolean, ,0,0,1,1, 
Handler_OEE,N14_HandlerOEEUseSaveProductionDataToPath,0,0,Boolean, ,0,0,1,1, 
Handler_OEE,N14_HandlerOEEFTPUpload,0,0,Boolean, ,0,0,1,1, 
Handler_OEE,N14_HandlerOEEAutoLoadMOFile,0,0,Boolean, ,0,0,1,1, 
Handler_OEE,bN14_7_AutoMotive,0,0,Boolean, ,0,0,1,1, 
Handler_OEE,bN14_8_ULSetup,0,0,Boolean, ,0,0,1,1, 
Handler_OEE,bN14_9_ULQtyReport,0,0,Boolean, ,0,0,1,1, 
Handler_OEE,N14_AutoDownloadSetupFileByMO,0,0,Boolean, ,0,0,1,1, 
Handler_OEE,bN14_11_CheckSiteMapByMO,0,0,Boolean, ,0,0,1,1, 
Handler_OEE,bN14_12_ULTempLogToFTP,0,0,Boolean, ,0,0,1,1, 
Handler_OEE,bN14_13_ULBinQtyToFTP,0,0,Boolean, ,0,0,1,1, 
Handler_OEE,bN14_14_AlarmCtrlMachine,0,0,Boolean, ,0,0,1,1, 
Handler_OEE,bN14_15_SocketLifeTime,0,0,Boolean, ,0,0,1,1, 
Handler_OEE,bN14_16_EnableIPSC,0,0,Boolean, ,0,0,1,1, 
Handler_OEE,bN14_18_EnableTempOffset,0,0,Boolean, ,0,0,1,1, 
Handler_OEE,bN14_19_TrayMappingToFTP,0,0,Boolean, ,0,0,1,1, 
Handler_OEE,bN14_20_DefaultRecipeChangeLog,0,0,Boolean, ,0,0,1,1, 
Handler_OEE,bN14_20_DefaultRecipeChangeLogCycleRecord,0,0,Boolean, ,0,0,1,1, 
Handler_OEE,bN14_21_SetUpConfiguration,0,0,Boolean, ,0,0,1,1, 
ESD_Control,N15_ESDControlUserLevelByTxt,0,0,Boolean, ,0,0,1,1, 
ESD_Control,N15_ESDControlUseMachine,0,0,Boolean, ,0,0,1,1, 
N16,bEnableOffsetFTP,0,0,Boolean, ,0,0,1,1, 
Lot_Summary,bN17UploadLotSummary,1,1,Boolean,0,0,0,1,1, 
Lot_Summary,asN17LotSummaryPath,1,1,Text,\\handler-hs\HANDLER_TEMP\RAWDATA\JOBEND_LOG\,0,0,0,0, 
Production_Log,bN17UploadProdLog,1,1,Boolean,0,0,0,1,1, 
Production_Log,asN17ProductionLogPath,1,1,Text,D:\RMS\,0,0,0,0, 
NETWORK,bN20_CheckMD5,1,1,Boolean,0,0,0,1,1, 
ASECL_FTP,bN22Enable_EventLog,0,0,Boolean, ,0,0,1,1, 
ASECL_FTP,bN22Enable_ASE_CL_FTP,0,0,Boolean, ,0,0,1,1, 
Murata Function,bN23_1_Enable2DIDCompare,0,0,Boolean, ,0,0,1,1, 
Murata Function,bN23_3_UploadTestResult,0,0,Boolean, ,0,0,1,1, 
RTM Function,bN24_EnableRTM,0,0,Boolean, ,0,0,1,1, 
ChipMos Function,bN25_1_EnableStartControl,0,0,Boolean, ,0,0,1,1, 
ChipMos Function,bN25_2_EnableUploadLog,0,0,Boolean, ,0,0,1,1, 
JamRawDataUpdataToFTP,bN26_UseJamRawDataUpdataToFTP,0,0,Boolean, ,0,0,1,1, 
JamRawDataUpdataToFTP,bN26_UseJamRawDataRecord,0,0,Boolean, ,0,0,1,1, 
bUseAlarmLogXml,bN27_UseAlarmLogXmlUpdataToFTP,0,0,Boolean, ,0,0,1,1, 
JSCK Function,bN26_SCK_OEE,0,0,Boolean, ,0,0,1,1, 
N29,bN29_ParameterCheck,0,0,Boolean, ,0,0,1,1, 
bRecordGroundESDByTestIC,bN30_UseGroundESDUpdataToFTP,0,0,Boolean, ,0,0,1,1, 
bAutoTmpeOfsByFTP,bN31_UseAutoTempOfsByFTP,0,0,Boolean, ,0,0,1,1, 
bDownloadUpdateAutomatically,bN32_DownloadUpdatesAutomatically,0,0,Boolean, ,0,0,1,1, 
bDownloadUpdateAutomatically,bN32_CheckForUpdatesOnceDay,0,0,Boolean, ,0,0,1,1, 
bDownloadUpdateAutomatically,bN32_CheckAtInitailStart,0,0,Boolean, ,0,0,1,1, 
bDownloadUpdateAutomatically,bN32_CheckAtTrayFeedFinish,0,0,Boolean, ,0,0,1,1, 
Count,bResetNeedClearAndCheckHotPlate,1,1,Boolean,0,0,0,1,1, 
Count,bO02ResetNotClearPlate,0,0,Boolean, ,0,0,1,1, 
Count,bO05ResetNeedRemoveAllTray,0,0,Boolean, ,0,0,1,1, 
Event Log,EnableAutoSaveEventLog,0,1,Boolean, ,0,0,1,1, 
Event Log,bAlarmStatistAutoSaveNetDrive,0,0,Boolean, ,0,0,1,1, 
Event Log,EnanleTimePeriodSaveLog,0,0,Boolean, ,0,0,1,1, 
Event Log,EnableAutoSaveAlarmHistroy,0,0,Boolean, ,0,0,1,1, 
Event Log,EnableAutoSaveAlarmStatist,0,0,Boolean, ,0,0,1,1, 
Event Log,EnableAutoSaveProductiont,0,0,Boolean, ,0,0,1,1, 
Event Log,EnableAutoSaveEventLog,0,0,Boolean, ,0,0,1,1, 
Count,bFTContinueON,1,1,Boolean,0,0,0,1,1, 
Count,iFTMAXValue,1,1,Integer,2,2,2,100,100, 
Count,bInitialStartNeedAsk,1,1,Boolean,0,0,0,1,1, 
Count,Record Jam Rate By Time,0,0,Boolean,0,0,0,1,1, 
Count,Record Jam Rate Interval Time,1,1,Integer,0,1,1,999999,999999, 
O_Count,bLifeTimeCount 1,0,0,Boolean, ,0,0,1,1, 
O_Count,bLifeTimeCount 2,0,0,Boolean, ,0,0,1,1, 
O_Count,bLifeTimeCount 3,0,0,Boolean, ,0,0,1,1, 
O_Count,O14_ContactConditionName1,0,0,Text, ,0,0,0,0, 
O_Count,O15_ContactConditionName2,0,0,Text, ,0,0,0,0, 
O_Count,O16_ContactConditionName3,0,0,Text, ,0,0,0,0, 
Event Log,iO15_SaveFilePeriod,1,1,Postive Integer,6,0,0,7,7, 
Event Log,bO15_EventLogFileNameWithMachineID,1,1,Boolean,0,0,0,1,1, 
Event Log,bO15_EventLogSaveSameFolder,1,1,Boolean,0,0,0,1,1, 
Count,bO16ConAlarmNeedKeyInPasswordCT,0,0,Boolean, ,0,0,1,1, 
Count,bO17EnableLevelUpWhenContiAlarm,0,0,Boolean, ,0,0,1,1, 
Count,bO18SafeDoorOnOffDurationDetect,0,0,Boolean, ,0,0,1,1, 
Event Log,bO19_AutoRecordReportByEveryDay,1,1,Boolean,0,0,0,1,1, 
Event Log,bO19_AutoRecordReportByEveryWeek,1,1,Boolean,0,0,0,1,1, 
Event Log,iO19_WeekPeriod,1,1,Postive Integer,0,0,0,6,6, 
Event Log,iO19_MonthPeriod,1,1,Postive Integer,0,0,0,29,29, 
Event Log,bO19_AutoRecordReportByEveryMonth,1,1,Boolean,0,0,0,1,1, 
Event Log,asO19_SavePath,1,1,Text,D:\HT9045_Log\OneDayProduct,0,0,0,0, 
O_Count,bO20InOutArmPickerLifeTimeCount,1,1,Boolean,0,0,0,1,1, 
Tray,bP04ColorIsEmptyUnloader,1,1,Boolean,0,0,0,1,1, 
Tray,P05_LoaderCylinderPreOn,1,1,Boolean,0,0,0,1,1, 
Tray,P06_LoaderUseCarrierTray,0,0,Boolean, ,0,0,1,1, 
Tray,bP07NoTrayaAutoTrayFeed,0,0,Boolean, ,0,0,1,1, 
Tray,bP08TrayFeedCleanLotID,0,0,Boolean, ,0,0,1,1, 
Tray,bP09TrayEndCanSelectTray,0,0,Boolean, ,0,0,1,1, 
Tray,bP10FixedTrayProposeTheInitialQuestion,1,1,Boolean,0,0,0,1,1, 
Count,RecordUPH,0,0,Boolean, ,0,0,1,1, 
Tray,bEnableAutoTrayEdgePushCylinderLoop,1,1,Boolean,0,0,0,1,1, 
Tray,bEnableAutoTrayRecevieDelayCount,1,1,Boolean,0,0,0,1,1, 
Tray,iP13EdgePushCylinderLoopDelay,1,1,Integer,20,2,2,300,300, 
Tray,iP14AutoTrayRecevieDelayCount,1,1,Integer,5,1,1,10000,10000, 
Tray,iP14AutoTrayRecevieLoopDelayTime,1,1,Integer,5,2,2,300,300, 
Hotplate,bEnableHotplateEdgePushCylinderLoop,0,0,Boolean, ,0,0,1,1, 
Hotplate,iHotplateEdgePushCylinderLoopDelay,1,1,Integer,2,2,2,300,300, 
Tray,bUnloadTrayFree,0,0,Boolean, ,0,0,1,1, 
Loader,DisableLoaderFull,1,0,Boolean, ,0,0,1,1, 
Tray,FailAutoTrayManual,1,1,Boolean,0,0,0,1,1, 
Tray,bCatchTrayUpThenCheck,1,1,Boolean,0,0,0,1,1, 
Tray,bManualClearFixTrayDataAfterInitialStart,1,1,Boolean,0,0,0,1,1, 
Tray,bP20_1_ManualClrAutoTrayWhenInitialStart,1,1,Boolean,0,0,0,1,1, 
Tray,bCheckFixTray,1,1,Boolean,0,0,0,1,1, 
Tray,bEnableFirstTrayNeedAlarm,0,0,Boolean, ,0,0,1,1, 
P23,iOCRByNewTrayIntrvalTray,1,1,Integer,1,1,1,1000,1000, 
P23,iOCRMaxInspDevices,1,1,Integer,10,1,1,1000,1000, 
Tray,bSkipEventNeedRemoveEmptyAndColorTray,1,1,Boolean,0,0,0,1,1, 
Tray,bP24SkipEventNeedRemoveColorTrayForIDT,0,0,Boolean, ,0,0,1,1, 
Tray,bP24TwoTrayMustManuallyRemovedForGenernal,0,0,Boolean, ,0,0,1,1, 
Tray,bEmptyColorNoSuppleAutoNoLoadEmpty,0,0,Boolean, ,0,0,1,1, 
Tray,bP26_OCRCheckLot,0,0,Boolean, ,0,0,1,1, 
Tray,bAutoSortingBinTrayByOutArmwhenCleanOut,0,0,Boolean, ,0,0,1,1, 
Function,bP28Auto1OnlyBin1,0,0,Boolean, ,0,0,1,1, 
Function,bP29LoaderCheckIsFull,1,1,Boolean,0,0,0,1,1, 
Function,dP29LoaderCheckIsFullInterval,1,1,Double,0,1,1,1000,1000, 
Function,bP30FixTryCheckRemainingAmount,0,0,Boolean, ,0,0,1,1, 
Function,iP30FixCheckRemainingAmountInterval,0,0,Integer, ,1,1,1000,1000, 
Function,bP31LoaderTryLastOneFeedContinueRun,1,1,Boolean,0,0,0,1,1, 
Function,bP32EmptyColorTrayPreAlarm,1,1,Boolean,0,0,0,1,1, 
Function,bP33AutoTrayPreAlarm,1,1,Boolean,0,0,0,1,1, 
Function,bP34CleanOutChangeInitialMode,0,0,Boolean, ,0,0,1,1, 
Function,bP35TrayArm,1,1,Boolean,0,0,0,1,1, 
Function,bP36BufferTrayNoSame,0,0,Boolean, ,0,0,1,1, 
Function,bP37bAutoCylinderUP,0,0,Boolean, ,0,0,1,1, 
Function,bP38UseEmptyFullPutColor,0,0,Boolean, ,0,0,1,1, 
Function,bP39LoaderHasSkipPlaceToEmpty,0,0,Boolean, ,0,0,1,1, 
Function,bP40TrayYSpeedByMachine,0,0,Boolean, ,0,0,1,1, 
Function,bP42AlarmWhenExitTrayComplete,0,0,Boolean, ,0,0,1,1, 
Function,bP44LockLoaderTrayToNone,0,0,Boolean, ,0,0,1,1, 
Function,bP45LastLoaderNoInSide,1,1,Boolean,0,0,0,1,1, 
Tray,bP46_LoadTrayModeByHandler,1,1,Boolean,0,0,0,1,1, 
