path	bytes	md5
cpp\0001-MT-E1-Motor-Test-on-PCI1203-follows-golden-jog-stop-.patch	77357	2534A57C9DC263AE38F6614180D4CAB1
cpp\0002-MT-E1b-Motor-Test-motor-IO-lamps-HOME-Loop-button-st.patch	17510	4C61BB38F2733076C4066701EB82C4AA
cpp\0003-MT-E2-Motor-Test-the-no-decision-golden-functions-se.patch	143284	6BFA05BE2B6A26161051A2989FAAE741
cpp\0004-LAT-1-output-latency-publish-phase-timing-yield-poin.patch	35702	CFAC1A1247C09F9D4024DFFA1A915AA1
cpp\0005-MT-E3a-1203-monitor-control-torque-read-back-batch-D.patch	127596	20E62AD54A85515ABDE444F79D61EC88
cpp\0006-MT-E3b-engine-golden-brake-family-GaliMotorServoOff-.patch	103326	BF28FA022DB4C12B957100F50DA07B89
cpp\0007-MT-E3c-Motor-Test-Motor-Power-Test-Range-Rate-full-I.patch	235031	5CDD9091D687BD5040CC2280EFA487A8
cpp\0008-MT-FIX1-review-fixes-C-window-registry-no-longer-stu.patch	39603	F46A2679B98C5B83D37C590B8AC64A19
cpp\0009-MT-FIX1b-engine-EastSun-rulings-20260926-brake-relea.patch	32473	8903C70F4851E26D230531E93E4507BC
cpp\0010-MT-FIX1a-1203-monitor-control-review-fixes-kCmdAxTor.patch	131226	085A4D5C3835794500C1CA8750ECEF4D
cpp\0011-ONSITE-1-read-only-on-site-prep-drive-torque-limit-r.patch	106513	DBD7553C2244DE02CD4930F852FDDF21
cpp\0012-DOCS-M1-machine-side-weekend-docs-Motor-Test-command.patch	163983	ADCEFC31D481F37C3D94A8AF93CDBE9F
cpp\0013-MERGE-56bbf785-laptop-main-56bbf785-GitHub-HPI-Jimmy.patch	4461082	90FDB5BFDBAB54C5F46E6BC44872410B
cpp\0014-TEMP-DOORS-safe-doors-1-2-3-6-7-8-9-10-disabled-at-b.patch	3187	6B335AF5B48B8B999B62BF18A57DC56B
cpp\0015-TEMP-DOORS-2-heater-doors-SnHeaterDoor-SnHeaterDoor2.patch	2247	DA651E419DDC219DAFE9DB7464E4C3F8
cpp\0016-WSFANOUT-TAKEOVER-web-bridge-tag-patches-computed-on.patch	10886	9BC79A3C27027928A4A80C648492F19F
cpp\0017-MERGE-8b5a91b5-laptop-packages-3.59-GitLab-main-db67.patch	6737047	AE16E56FDA6B9798805646922BDC3A68
cpp\0018-TOKEN-OFF-the-web-control-token-no-longer-refuses-an.patch	10729	9475E501BCB60E49207C74AF89978296
cpp\0019-OPLOG-operation-log-every-web-command-its-reply-and-.patch	27368	A2DE44571359BE75F8623529F54D8BC3
cpp\0020-MERGE-e882ad39-laptop-packages-60.67-GitLab-main-77c.patch	1305524	81CCE994AEFF7444AD3EE6033D745D33
cpp\0021-OPLOG-2-the-operation-log-also-records-the-dialogs-t.patch	6433	883C4DFF392F8225FEA2B200BC1A2A6E
cpp\0022-IO-NOGUARD-MT-ENABLE-SR-HANG-OPLOG-3-IO-page-unguard.patch	39560	7BF219ACA99E98ECFF686B67B32A20DD
cpp\0023-BOOTWAIT-F5-opens-a-wait-page-at-once-web-boot_wait..patch	7429	8017679B846CDEE95A39244086041D4B
cpp\0024-BOOTWAIT-2-the-wait-page-is-opened-with-the-default-.patch	4766	488EFB3E5590886B7C94955623B395CD
cpp\0025-HMI-KEEP-while-wb_serve-runs-a-closed-HMI-page-is-re.patch	14294	FD0798F79A314EC27FFAD5E3219810DE
cpp\0026-HOME-VENDOR-the-DS402-home-writes-the-card-s-home-fa.patch	9487	5222B042F3DBF88BE6E53D59865FAA97
cpp\0027-MT-AXISLOCK-MT-ALMRST-HMI-KEEP-2-Motor-Test-axes-are.patch	42110	213910055E49F24BCB2B78C182A54C93
cpp\0028-BRAKE-AXIS-servo-ON-0.5-s-that-axis-own-brake-output.patch	24335	CD26C88C75B903C778B0B4AB7D7915A9
cpp\0029-BOOTSPEED-1-boot-stopwatch-boot-sampler-diagnostic-p.patch	14709	EB83F709BFC2B235A405FF1A296B58E3
cpp\0030-BRAKE-AXIS-2-the-release-no-longer-waits-for-bMotorP.patch	7650	AF1CDE43092D7ED3DA8D6B79A8E693F2
cpp\0031-BOOTSPEED-2-F5-runs-wb_serve-without-gdb-_NO_DEBUG_H.patch	13343	62C2375CAAB231AEAF8548FB51EB112F
cpp\0032-BOOTSPEED-2-the-three-boot-hot-spots-the-sampler-fou.patch	26694	1B66B599E7B8B16B5040D36AC66109F4
cpp\0033-BOOTSPEED-3-the-O2-line-in-the-F5-dropdown-build_int.patch	7445	F2BA5DA5DF79F95FA95637272FCAA3A9
cpp\0034-STOPBTN-the-red-stop-button-task-closes-wb_serve-the.patch	15426	0D370B0A7E77E95C615256903687E74D
cpp\0035-MERGE-d40fa5a0-laptop-packages-68.76-GitHub-e4e4a69..patch	4269396	8D4A9AE2FD81957A0FA135BA7CB6383B
cpp\0036-SHTSPELL-the-in-shuttle-aliases-are-spelled-MInShutt.patch	9333	E920A4E20AAEC7A58602F89786C615FC
cpp\0037-BRAKE-GROUP-a-golden-group-brake-release-that-is-ref.patch	6470	354B31E47B8D822CECAFBCEBE06284B7
cpp\0038-G31A-TIME-golden-s-automatic-motor-power-on-fires-on.patch	4362	0195A21FED65759E721ED69A32FC352E
cpp\0039-BRAKE-EMPTY-AUTO3-M36-MEmptyZ-M40-MAuto3Z-brake-outp.patch	10751	803F9173E5B20BB6A65415586B85594A
cpp\0040-CAPTION-tag-machine.caption-golden-s-fMain-Caption-b.patch	7569	CED4CB3297A850FA5D3E21F2C3E77C94
cpp\0041-MERGE-b21ca17e-laptop-packages-77.85-GitHub-e72da27..patch	3060135	CD9E1268D429FD688913A927175A631E
cpp\0042-HMI-SHELL-EXIT-NOHOME-the-HMI-opens-in-its-own-progr.patch	3220851	CED7024C4FA82AFF9ABD39186452E59A
cpp\0043-MT-SAVEMOT-Motor-Test-Mot_Table-the-selected-motor-s.patch	89466	FF58FC5CDFD8E3D9FE5106EFBEB38353
cpp\0044-HMI-DLG-every-alert-confirm-prompt-and-the-close-que.patch	20885	CFCEC8CDF76985893F8ECD81818150B4
README.txt	21708	2B749D6F95E5E3727C09E2927211BB85
usb01_P1_P25c\machine_merge_resolution_and_P25c_vs_64e5e80.patch	227051	2AD28B34FB08D0E9C4FE4FB2DED220D0
usb01_P1_P25c\machine_P1_P25b_vs_8484bdb4.patch	246117	E37DBBC6106BFC9789C62246F6839A67
usb01_P1_P25c\machine_web_P17_P24_vs_07c3dc25.patch	22482	60A8103B72110BDC986E0C9CCD9C7286
usb02_web_P28_P29\machine_web_P28_P29_vs_laptop_66cb14e0.patch	301636	5AA15D0943B26EC7403F94EEB68662A1
web\0001-MT-E1-web-Motor-Test-grid-follows-golden-bView-unuse.patch	4421	2CB139F2286180E64DE85DB2FFC197EC
web\0002-MT-E1b-web-Motor-Test-IO-lamps-ALed1.10-HOME-Loop-bu.patch	24419	AE9D3A21DD2DE6FF8BBC4087316FD24C
web\0003-MT-E2-web-Motor-Test-no-decision-golden-functions-to.patch	196001	1ACD61B201DE9983BD7762D6B7EAE315
web\0004-LAT-1-web-IO-page-sends-control.acquire-and-io.btnPa.patch	5281	8D2D9D66A2BE20E804005629B301743A
web\0005-MT-E3-web-Motor-Test-Motor-Power-Test-Range-Light-Sc.patch	76038	24B2872B57A545FE978D7A4AC62C4E62
web\0006-MT-FIX1-web-review-fixes-jog-stop-can-no-longer-over.patch	35131	8258EFE2F00A0AD61263AC99FDB4EB7F
web\0007-MERGE-56bbf785-web-laptop-main-56bbf785-web-files-ap.patch	2749337	6E11DC4BC1E93B224E95DB7862D10237
web\0008-TAKEOVER-web-the-page-the-operator-presses-takes-the.patch	9499	E33983BB1D8343710113C1DBDEBA49FD
web\0009-MERGE-8b5a91b5-web-laptop-packages-3.59-web-files-ap.patch	356458	55DC612034A4BC59617B22B9615EA972
web\0010-SR-WIRE-web-the-State-Record-button-sends-act.main.s.patch	6557	175E8F151E2279DD6E44BF0C5B391CCC
web\0011-MERGE-e882ad39-web-laptop-packages-60.67-web-files-a.patch	57106	C32F27FDC69B680F1073D774261E6ADB
web\0012-BOOTWAIT-web-boot_wait.html-the-page-F5-opens-first-.patch	6772	4D5383021DEF5D7FBC6A59D8E9636FE4
web\0013-BOOTWAIT-3-web-the-wait-page-IS-background.html-s-st.patch	16648	7435B9C8C1699D2AFE80E672C24271BE
web\0014-MT-AXISLOCK-MT-ALMRST-Motor-Test-locks-by-the-select.patch	149359	BA6EB253F2D46FE642EE51590D27A417
web\0015-MT-RESEL-Motor-Test-re-selects-the-last-motor-when-i.patch	2949	0EBB1773247BD6E7683DA9238478C5D6
web\0016-MERGE-d40fa5a0-web-laptop-packages-68.76-web-files-a.patch	1203116	F67C3A317BB3D017FF89C4322632C00A
web\0017-UIZOOM-zoom-selector-on-the-main-toolbar-the-whole-H.patch	6932	311BCCB098A1354E042B5169D757F086
web\0018-SHTSPELL-web-MInShuttle1-MInShuttle2-in-the-teach-ta.patch	353912	C4A6BAF1BA7020BFCCF9CF164DDBBCDB
web\0019-TEACH-LED-the-Teach-page-s-ten-lamps-follow-the-sele.patch	3437	9F9DFC1BD8B5FD56B4CBDEC3A3A08532
web\0020-TEACH-SEL-TEACH-UNWIRED-web-the-Teach-page-s-motor-b.patch	12889	70266499E09BFD1BD67FBAF181D191C3
web\0021-CAPTION-web-the-main-window-s-title-bar-follows-C-ta.patch	3959	35A39D7BC9D6471A07286B073A120170
web\0022-MERGE-b21ca17e-web-laptop-packages-77.85-web-files-a.patch	167763	23ADDCA223D8F8B0EE16903E731732D5
web\0023-HMI-SHELL-EXIT-ONECONFIRM-web-Exit-asks-once-the-HMI.patch	5201	3C88AA02F95AB54246626D9084C36EC1
web\0024-LAYOUT110-web-at-110-every-start-up-window-fits-a-19.patch	11494	EC5B3AF31751E5F1CC6E83FC0A9FE711
web\0025-LAYOUT110-2-web-BinSelect-Lot-Info-developer-notes-n.patch	3011	B049D0648A03922DA31F0AC3F3BA50D1
web\0026-TEACH-ALMRST-web-Alarm-Reset-on-the-Teach-page-Activ.patch	275994	652220DAFDA4825F339AC4D5D4F57671
web\0027-MT-SAVEMOT-web-the-Mot_Table-button-on-Motor-Test-se.patch	157141	4A78A95055FEB784C8948C91EC3AEE2C
web\0028-MENU15-NOOVERLAP-1-web-Tools-Config-Debug-menus-x1.5.patch	136625	A9D9B6558560F52901D007DA5C71FAFD
web\0029-JOGBLUR-web-a-held-JOG-no-longer-stops-when-some-inp.patch	2152	C0F0438EE07EF858CB868A19FC09226D
