UnitName, AlarmCode, OccurDateTime, Recovery, StopedTime, Duplicate, Message, ErrPart
Exception,"	","2026-09-29 10:38:05","	","	","	","Index Torque : COM11 port error , Error Code : 0x02 ==> Error Message : ╰参тぃ﹚郎 ",0
Exception,"	","2026-09-29 10:38:05","	","	","	","Temperature KT4H : COM12 port error",0
Exception,"	","2026-09-29 10:38:05","	","	","	","Real Time CCD : COM1 port error",0
Exception,"	","2026-09-29 10:38:05","	","	","	","Tray Step Motor & Control Panel : COM17 port error",0
Exception,"	","2026-09-29 10:38:05","	","	","	","Vision RS232 : COM8 port error , Error Code : 0x02 ==> Error Message : ╰参тぃ﹚郎 ",0
Process,"	","2026-09-29 10:38:07","	","	","	","Fix1 tray data is clear by InitialMachine",
Process,"	","2026-09-29 10:38:07","	","	","	","Fix2 tray data is clear by InitialMachine",
Process,"	","2026-09-29 10:38:07","	","	","	","Fix3 tray data is clear by InitialMachine",
Process,"	","2026-09-29 10:38:11","	","	","	","Program Start,No,give up last data.",
ChangeLog,"	","2026-09-29 10:38:13","	","	","	","Bin Func RT_3717 BinTraySetName change Value","NotUse,Auto1,Auto2,Auto3,Fix1,Fix2,Fix3,Fix2,Fix2,Fix2,Fix3,Fix2,Fix1,Fix1,NotUse,NotUse,NotUse,NotUse,NotUse,NotUse,NotUse,NotUse,NotUse,NotUse,NotUse,NotUse,NotUse,NotUse,NotUse,NotUse,NotUse,NotUse,NotUse,NotUse,NotUse,NotUse,NotUse,NotUse,NotUse,NotUse,NotUse,NotUse,NotUse,NotUse,NotUse,NotUse,NotUse,NotUse,NotUse,NotUse,NotUse,NotUse,NotUse,NotUse,NotUse,NotUse,NotUse,NotUse,NotUse,NotUse,NotUse,NotUse,NotUse,NotUse,NotUse,NotUse,NotUse,NotUse,NotUse,NotUse,NotUse,NotUse,NotUse,NotUse,NotUse,NotUse,NotUse,NotUse,NotUse,NotUse,NotUse,NotUse,NotUse,NotUse,NotUse,NotUse,NotUse,NotUse,NotUse,NotUse,NotUse,NotUse,NotUse,NotUse,NotUse,NotUse,NotUse,NotUse,NotUse,NotUse,NotUse,NotUse,NotUse,NotUse,NotUse,NotUse,NotUse,NotUse,NotUse,NotUse,NotUse,NotUse,NotUse,NotUse,NotUse,NotUse,NotUse,NotUse,NotUse,NotUse,NotUse,NotUse,NotUse,NotUse,NotUse,NotUse,NotUse,NotUse,NotUse,NotUse,NotUse,NotUse,NotUse,NotUse,NotUse,NotUse,NotUse,NotUse,NotUse,NotUse,NotUse,NotUse,NotUse,NotUse,NotUse,NotUse,NotUse,NotUse,NotUse,NotUse,NotUse,NotUse,NotUse,NotUse,NotUse,NotUse,NotUse,NotUse,NotUse,NotUse,NotUse,NotUse,NotUse,NotUse,NotUse,NotUse,NotUse,NotUse,NotUse,NotUse,NotUse,NotUse,NotUse,NotUse,NotUse,NotUse,NotUse,NotUse,NotUse,NotUse,NotUse,NotUse,NotUse,NotUse,NotUse,NotUse,NotUse,NotUse,NotUse,NotUse,NotUse,NotUse,NotUse,NotUse,NotUse,NotUse,NotUse,NotUse,NotUse,NotUse,NotUse,NotUse,NotUse,NotUse,NotUse,NotUse,NotUse,NotUse,NotUse,NotUse,NotUse,NotUse,NotUse,NotUse,NotUse,NotUse,NotUse,NotUse,NotUse,NotUse,NotUse,NotUse,NotUse,NotUse,NotUse,NotUse,NotUse,NotUse,NotUse,NotUse,NotUse,NotUse,NotUse,NotUse,NotUse,NotUse,NotUse,NotUse,NotUse,NotUse,NotUse,NotUse,NotUse,NotUse,NotUse,NotUse,NotUse,NotUse,NotUse,NotUse,NotUse,NotUse,NotUse,NotUse,NotUse,NotUse==>NotUse,Auto1,Auto2,Auto3,Fix1,Fix2,Fix3,Fix2,Fix2,Fix2,Fix3,Fix2,Fix1,Fix1,NotUse,NotUse"
ChangeLog,"	","2026-09-29 10:38:13","	","	","	","Bin Func FT_3617 BinTraySetName change Value","NotUse,Auto1,Auto2,Auto3,Fix1,Fix2,Fix3,Fix2,Fix2,Fix2,Fix3,Fix2,Fix1,Fix1,NotUse,NotUse,NotUse,NotUse,NotUse,NotUse,NotUse,NotUse,NotUse,NotUse,NotUse,NotUse,NotUse,NotUse,NotUse,NotUse,NotUse,NotUse,NotUse,NotUse,NotUse,NotUse,NotUse,NotUse,NotUse,NotUse,NotUse,NotUse,NotUse,NotUse,NotUse,NotUse,NotUse,NotUse,NotUse,NotUse,NotUse,NotUse,NotUse,NotUse,NotUse,NotUse,NotUse,NotUse,NotUse,NotUse,NotUse,NotUse,NotUse,NotUse,NotUse,NotUse,NotUse,NotUse,NotUse,NotUse,NotUse,NotUse,NotUse,NotUse,NotUse,NotUse,NotUse,NotUse,NotUse,NotUse,NotUse,NotUse,NotUse,NotUse,NotUse,NotUse,NotUse,NotUse,NotUse,NotUse,NotUse,NotUse,NotUse,NotUse,NotUse,NotUse,NotUse,NotUse,NotUse,NotUse,NotUse,NotUse,NotUse,NotUse,NotUse,NotUse,NotUse,NotUse,NotUse,NotUse,NotUse,NotUse,NotUse,NotUse,NotUse,NotUse,NotUse,NotUse,NotUse,NotUse,NotUse,NotUse,NotUse,NotUse,NotUse,NotUse,NotUse,NotUse,NotUse,NotUse,NotUse,NotUse,NotUse,NotUse,NotUse,NotUse,NotUse,NotUse,NotUse,NotUse,NotUse,NotUse,NotUse,NotUse,NotUse,NotUse,NotUse,NotUse,NotUse,NotUse,NotUse,NotUse,NotUse,NotUse,NotUse,NotUse,NotUse,NotUse,NotUse,NotUse,NotUse,NotUse,NotUse,NotUse,NotUse,NotUse,NotUse,NotUse,NotUse,NotUse,NotUse,NotUse,NotUse,NotUse,NotUse,NotUse,NotUse,NotUse,NotUse,NotUse,NotUse,NotUse,NotUse,NotUse,NotUse,NotUse,NotUse,NotUse,NotUse,NotUse,NotUse,NotUse,NotUse,NotUse,NotUse,NotUse,NotUse,NotUse,NotUse,NotUse,NotUse,NotUse,NotUse,NotUse,NotUse,NotUse,NotUse,NotUse,NotUse,NotUse,NotUse,NotUse,NotUse,NotUse,NotUse,NotUse,NotUse,NotUse,NotUse,NotUse,NotUse,NotUse,NotUse,NotUse,NotUse,NotUse,NotUse,NotUse,NotUse,NotUse,NotUse,NotUse,NotUse,NotUse,NotUse,NotUse,NotUse,NotUse,NotUse,NotUse,NotUse,NotUse,NotUse,NotUse,NotUse,NotUse,NotUse,NotUse,NotUse,NotUse,NotUse,NotUse,NotUse,NotUse,NotUse,NotUse==>NotUse,Auto1,Auto2,Auto3,Fix1,Fix2,Fix3,Fix2,Fix2,Fix2,Fix3,Fix2,Fix1,Fix1,NotUse,NotUse"
ChangeLog,"	","2026-09-29 10:38:13","	","	","	","Bin Func OffLine_3722 BinTraySetName change Value","Auto1,Auto1,Auto1,Auto1,Auto1,Auto1,Auto1,Auto1,Auto1,Auto1,Auto1,Auto1,Auto1,Auto1,Auto1,Auto1,NotUse,NotUse,NotUse,NotUse,NotUse,NotUse,NotUse,NotUse,NotUse,NotUse,NotUse,NotUse,NotUse,NotUse,NotUse,NotUse,NotUse,NotUse,NotUse,NotUse,NotUse,NotUse,NotUse,NotUse,NotUse,NotUse,NotUse,NotUse,NotUse,NotUse,NotUse,NotUse,NotUse,NotUse,NotUse,NotUse,NotUse,NotUse,NotUse,NotUse,NotUse,NotUse,NotUse,NotUse,NotUse,NotUse,NotUse,NotUse,NotUse,NotUse,NotUse,NotUse,NotUse,NotUse,NotUse,NotUse,NotUse,NotUse,NotUse,NotUse,NotUse,NotUse,NotUse,NotUse,NotUse,NotUse,NotUse,NotUse,NotUse,NotUse,NotUse,NotUse,NotUse,NotUse,NotUse,NotUse,NotUse,NotUse,NotUse,NotUse,NotUse,NotUse,NotUse,NotUse,NotUse,NotUse,NotUse,NotUse,NotUse,NotUse,NotUse,NotUse,NotUse,NotUse,NotUse,NotUse,NotUse,NotUse,NotUse,NotUse,NotUse,NotUse,NotUse,NotUse,NotUse,NotUse,NotUse,NotUse,NotUse,NotUse,NotUse,NotUse,NotUse,NotUse,NotUse,NotUse,NotUse,NotUse,NotUse,NotUse,NotUse,NotUse,NotUse,NotUse,NotUse,NotUse,NotUse,NotUse,NotUse,NotUse,NotUse,NotUse,NotUse,NotUse,NotUse,NotUse,NotUse,NotUse,NotUse,NotUse,NotUse,NotUse,NotUse,NotUse,NotUse,NotUse,NotUse,NotUse,NotUse,NotUse,NotUse,NotUse,NotUse,NotUse,NotUse,NotUse,NotUse,NotUse,NotUse,NotUse,NotUse,NotUse,NotUse,NotUse,NotUse,NotUse,NotUse,NotUse,NotUse,NotUse,NotUse,NotUse,NotUse,NotUse,NotUse,NotUse,NotUse,NotUse,NotUse,NotUse,NotUse,NotUse,NotUse,NotUse,NotUse,NotUse,NotUse,NotUse,NotUse,NotUse,NotUse,NotUse,NotUse,NotUse,NotUse,NotUse,NotUse,NotUse,NotUse,NotUse,NotUse,NotUse,NotUse,NotUse,NotUse,NotUse,NotUse,NotUse,NotUse,NotUse,NotUse,NotUse,NotUse,NotUse,NotUse,NotUse,NotUse,NotUse,NotUse,NotUse,NotUse,NotUse,NotUse,NotUse,NotUse,NotUse,NotUse,NotUse,NotUse,NotUse,NotUse,NotUse,NotUse,NotUse,NotUse,NotUse,NotUse,NotUse,NotUse,NotUse==>Auto1,Auto1,Auto1,Auto1,Auto1,Auto1,Auto1,Auto1,Auto1,Auto1,Auto1,Auto1,Auto1,Auto1,Auto1,Auto1"
Process,MES2107,"2026-09-29 10:38:16","	","	","	","Change Start Mode","Continuous Start"
Process,ChangeLog,"2026-09-29 10:38:16","	","	","	","Change bin mode","FT Bin"
Process,MES2107,"2026-09-29 10:38:17","	","	","	","Change Start Mode","Continuous Start"
Process,ChangeLog,"2026-09-29 10:38:17","	","	","	","Change bin mode","FT Bin"
Process,"	","2026-09-29 10:38:18","	","	","	","Start Lot Press",fLotInfo::FormShow
Process,"	","2026-09-29 10:38:20","	","	","	","Auto clean : reset data because DevicePices was change",
Process,"	","2026-09-29 10:38:20","	","	","	","Software Start.",
Process,MES2108,"2026-09-29 10:38:21","	","	","	","Program Start",V3.33.906.2.906.2
Process,MES2144,"2026-09-29 10:38:25","	","	","	","======== USER login ========",3===3
Process,MES2155,"2026-09-29 10:38:27","	","	","	","Change to Off_Line","by iTester Button"
ChangeLog,"	","2026-09-29 10:38:27","	","	","	","TestMode_Tester Connection change Value",1==>0
Process,MES2146,"2026-09-29 10:38:27","	","	","	","XXXX  Tester OFF-Line  XXXX"," "
ChangeLog,"	","2026-09-29 10:38:28","	","	","	","Bin Func OffLine_3723 BinDoubleContac change Value","0,0,0,0,0,0,0,0,0,0,0,0,0,0,0,0==>(null)"
Process,MES2107,"2026-09-29 10:38:29","	","	","	","Change Start Mode","Continuous Start"
Process,ChangeLog,"2026-09-29 10:38:29","	","	","	","Change bin mode",OffLine
Process,"	","2026-09-29 10:38:41","	","	","	","ATC Socket Error Code = 10060",
Process,"	","2026-09-29 10:39:04","	","	","	","ATC Socket Error Code = 10060",
Button,"	","2026-09-29 10:39:14","	","	","	","Enter         MyMessageBox               pnlYes                  Yes",
Message,"	","2026-09-29 10:39:14","	","	","	","Temperature set to?  Yes",0
Process,MES2132,"2026-09-29 10:39:14","	","	","	","Change work tepmearture and soak time","Set Temperture=100.00, Soak Time=20.00"
Process,MES2132,"2026-09-29 10:39:14","	","	","	","Temperature SoakTime Change","300 -> 20
"
Process,MES2130,"2026-09-29 10:39:14","	","	","	","Temperature Wait"," "
ChangeLog,"	","2026-09-29 10:39:14","	","	","	","Time_Soak change Value",300.0==>20.0
ChangeLog,"	","2026-09-29 10:39:15","	","	","	","InitialMode_Every first devices change Value",120.00==>5.00
ChangeLog,"	","2026-09-29 10:39:15","	","	","	","InitialMode_After ShowAlarm Message change Value",1.00==>5.00
ChangeLog,"	","2026-09-29 10:39:15","	","	","	","InitialMode_After Auto Clean Function change Value",1.00==>5.00
ChangeLog,"	","2026-09-29 10:39:15","	","	","	","InitialMode_When happen tested time below change Value",1.00==>5.00
ChangeLog,"	","2026-09-29 10:39:15","	","	","	","InitialMode_After Open Heat Door change Value",1.00==>5.00
ChangeLog,"	","2026-09-29 10:39:15","	","	","	","InitialMode_When Press Stop Over change Value",1.00==>5.00
ChangeLog,"	","2026-09-29 10:39:15","	","	","	","InitialMode_When No Full Site change Value",1.00==>5.00
ChangeLog,"	","2026-09-29 10:39:15","	","	","	","InitialMode_EOT monitor time change Value",1.00==>5.00
ChangeLog,"	","2026-09-29 10:39:15","	","	","	","InitialMode_OTD unlock change Value",1.00==>5.00
ChangeLog,"	","2026-09-29 10:39:15","	","	","	","InitialMode_SOT monitor time change Value",0.00==>5.00
ChangeLog,"	","2026-09-29 10:39:17","	","	","	","Tester_fI49_ChangeAboveSocket change Value",0==>0.000000
Button,"	","2026-09-29 10:39:18","	","	","	","Enter                fMain              BtnHome                 HOME",
Process,MES2112,"2026-09-29 10:39:18","	","	","	","HOME pressed",BtnHomeClick
Motion,WAR2207,"2026-09-29 10:39:19","	","	","	","Do process motor home start."," "
Process,"	","2026-09-29 10:39:19","	","	","	","Reset step of auto site map",ReStartAutoSiteMapping
Button,"	","2026-09-29 10:39:21","	","	","	","Enter                fMain       sbReturnToMain   Return Main Screen",
Process,"	","2026-09-29 10:39:28","	","	","	","ATC Socket Error Code = 10060",
Motion,WAR2208,"2026-09-29 10:39:32","	","	","	","Do process motor home finish."," "
Button,"	","2026-09-29 10:39:32","	","	","	","Enter                fMain            sbSetting                Tools",
Button,"	","2026-09-29 10:39:33","	","	","	","Enter                fMain                sbBin                  Bin",
Process,MES2171,"2026-09-29 10:39:34","	","	","	","Enter Bin"," "
Button,"	","2026-09-29 10:39:37","	","	","	","Enter              fBinSel              spbSave                 Save",
ChangeLog,"	","2026-09-29 10:39:37","	","	","	","Bin Func OffLine_3722 BinTraySetting change Value","5,5,5,5,5,5,5,5,5,5,5,5,5,5,5,5==>1,1,1,1,5,5,5,5,5,5,5,5,5,5,5,5"
ChangeLog,"	","2026-09-29 10:39:37","	","	","	","Bin Func OffLine_3722 BinTraySetName change Value","Fix2,Fix2,Fix2,Fix2,Fix2,Fix2,Fix2,Fix2,Fix2,Fix2,Fix2,Fix2,Fix2,Fix2,Fix2,Fix2==>Auto1,Auto1,Auto1,Auto1,Fix2,Fix2,Fix2,Fix2,Fix2,Fix2,Fix2,Fix2,Fix2,Fix2,Fix2,Fix2"
ChangeLog,"	","2026-09-29 10:39:37","	","	","	","Bin Func OffLine_3723 BinDoubleContac change Value","(null)==>0,0,0,0,0,0,0,0,0,0,0,0,0,0,0,0"
ChangeLog,"	","2026-09-29 10:39:37","	","	","	","Category0_Bin change Value",5==>1
ChangeLog,"	","2026-09-29 10:39:37","	","	","	","Category1_Bin change Value",5==>1
ChangeLog,"	","2026-09-29 10:39:37","	","	","	","Category2_Bin change Value",5==>1
ChangeLog,"	","2026-09-29 10:39:37","	","	","	","Category3_Bin change Value",5==>1
ChangeLog,"	","2026-09-29 10:39:38","	","	","	","Fix2_Pass/Fail change Value",0==>1
ChangeLog,"	","2026-09-29 10:39:38","	","	","	","Bin Func OffLine_3723 BinDoubleContac change Value","0,0,0,0,0,0,0,0,0,0,0,0,0,0,0,0==>(null)"
Process,"	","2026-09-29 10:39:38","	","	","	","Save Bin",
ChangeLog,"	","2026-09-29 10:39:40","	","	","	","Bin Func OffLine_3722 BinTraySetting change Value","1,1,1,1,5,5,5,5,5,5,5,5,5,5,5,5==>1,1,1,1,1,1,1,5,5,5,5,5,5,5,5,5"
ChangeLog,"	","2026-09-29 10:39:40","	","	","	","Bin Func OffLine_3722 BinTraySetName change Value","Auto1,Auto1,Auto1,Auto1,Fix2,Fix2,Fix2,Fix2,Fix2,Fix2,Fix2,Fix2,Fix2,Fix2,Fix2,Fix2==>Auto1,Auto1,Auto1,Auto1,Auto1,Auto1,Auto1,Fix2,Fix2,Fix2,Fix2,Fix2,Fix2,Fix2,Fix2,Fix2"
ChangeLog,"	","2026-09-29 10:39:40","	","	","	","Bin Func OffLine_3723 BinDoubleContac change Value","(null)==>0,0,0,0,0,0,0,0,0,0,0,0,0,0,0,0"
ChangeLog,"	","2026-09-29 10:39:40","	","	","	","Bin Func OffLine_3724 BinType change Value","1,1,1,1,1,1,1,1,1,1,1,1,1,1,1,1,1,1,1,1,1,1,1,1,1,1,1,1,1,1,1,1,1,1,1,1,1,1,1,1,1,1,1,1,1,1,1,1,1,1,1,1,1,1,1,1,1,1,1,1,1,1,1,1,1,1,1,1,1,1,1,1,1,1,1,1,1,1,1,1,1,1,1,1,1,1,1,1,1,1,1,1,1,1,1,1,1,1,1,1,1,1,1,1,1,1,1,1,1,1,1,1,1,1,1,1,1,1,1,1,1,1,1,1,1,1,1,1,1,1,1,1,1,1,1,1,1,1,1,1,1,1,1,1,1,1,1,1,1,1,1,1,1,1,1,1,1,1,1,1,1,1,1,1,1,1,1,1,1,1,1,1,1,1,1,1,1,1,1,1,1,1,1,1,1,1,1,1,1,1,1,1,1,1,1,1,1,1,1,1,1,1,1,1,1,1,1,1,1,1,1,1,1,1,1,1,1,1,1,1,1,1,1,1,1,1,1,1,1,1,1,1,1,1,1,1,1,1,1,1,1,1,1,1,1,1,1,1,1,1,1,1,1,1,1,1==>0,0,0,0,1,1,1,1,1,1,1,1,1,1,1,1,1,1,1,1,1,1,1,1,1,1,1,1,1,1,1,1,1,1,1,1,1,1,1,1,1,1,1,1,1,1,1,1,1,1,1,1,1,1,1,1,1,1,1,1,1,1,1,1,1,1,1,1,1,1,1,1,1,1,1,1,1,1,1,1,1,1,1,1,1,1,1,1,1,1,1,1,1,1,1,1,1,1,1,1,1,1,1,1,1,1,1,1,1,1,1,1,1,1,1,1,1,1,1,1,1,1,1,1,1,1,1,1,1,1,1,1,1,1,1,1,1,1,1,1,1,1,1,1,1,1,1,1,1,1,1,1,1,1,1,1,1,1,1,1,1,1,1,1,1,1,1,1,1,1,1,1,1,1,1,1,1,1,1,1,1,1,1,1,1,1,1,1,1,1,1,1,1,1,1,1,1,1,1,1,1,1,1,1,1,1,1,1,1,1,1,1,1,1,1,1,1,1,1,1,1,1,1,1,1,1,1,1,1,1,1,1,1,1,1,1,1,1,1,1,1,1,1,1,1,1,1,1,1,1,1,1,1,1,1,1"
ChangeLog,"	","2026-09-29 10:39:40","	","	","	","Category4_Bin change Value",5==>1
ChangeLog,"	","2026-09-29 10:39:40","	","	","	","Category4_Tray change Value",Fix2==>Auto1
ChangeLog,"	","2026-09-29 10:39:40","	","	","	","Category5_Bin change Value",5==>1
ChangeLog,"	","2026-09-29 10:39:40","	","	","	","Category5_Tray change Value",Fix2==>Auto1
ChangeLog,"	","2026-09-29 10:39:40","	","	","	","Category6_Bin change Value",5==>1
ChangeLog,"	","2026-09-29 10:39:40","	","	","	","Category6_Tray change Value",Fix2==>Auto1
ChangeLog,"	","2026-09-29 10:39:40","	","	","	","Bin Func OffLine_3723 BinDoubleContac change Value","0,0,0,0,0,0,0,0,0,0,0,0,0,0,0,0==>(null)"
Button,"	","2026-09-29 10:39:41","	","	","	","Enter              fBinSel              sbtExit                 Exit",
Button,"	","2026-09-29 10:39:42","	","	","	","Enter                fMain          sbExitSetup                 Exit",
Button,"	","2026-09-29 10:39:44","	","	","	","Enter                fMain             BtnStart                START",
Process,MES2110,"2026-09-29 10:39:44","	","	","	","START pressed",BtnStartClick_SOFT_SIMULTE
Process,"	","2026-09-29 10:39:44","	","	","	",QUAD2X2-1-4-2-3_,
Process,"	","2026-09-29 10:39:44","	","	","	","Auto1-0,1,2,3,4,5,6_Auto2-NA_Auto3-NA_Fix1-NA_Fix2-7,8,9,10,11,12,13,14,15,error_Fix3-NA.",
Process,"	","2026-09-29 10:39:51","	","	","	","After index check trigger initial offset function.(Temp)",
Process,"	","2026-09-29 10:39:52","	","	","	","After first device trigger initial offset function.",
Process,"	","2026-09-29 10:39:52","	","	","	","ATC Socket Error Code = 10060",
Button,"	","2026-09-29 10:39:53","	","	","	","Enter                fMain       sbReturnToMain   Return Main Screen",
Process,MES0652,"2026-09-29 10:40:00","	","	","	","Tray Arm - Pick tray from Color",CatchNewTrayFromBuffer
Process,"	","2026-09-29 10:40:00","	","	","	",,
Process,MES0673,"2026-09-29 10:40:02","	","	","	","Tray Arm - place tray to Auto 1","DoPlaceTrayToAuto - From Color"
Process,"	","2026-09-29 10:40:08","	","	","	","Load New Tray Start",
Process,"	","2026-09-29 10:40:16","	","	","	","ATC Socket Error Code = 10060",
Process,"	","2026-09-29 10:40:37","	","	","	","ATC Socket Error Code = 10060",
Process,"	","2026-09-29 10:40:58","	","	","	","Every fisrt device delay use initial delay","5 sec"
Process,"	","2026-09-29 10:41:02","	","	","	","ATC Socket Error Code = 10060",
Process,"	","2026-09-29 10:41:23","	","	","	","Load Tray exchange for tray finished.",
Process,MES0650,"2026-09-29 10:41:23","	","	","	","Tray Arm - Pick tray from Loader",DoCatchFromLoader
Process,"	","2026-09-29 10:41:23","	","	","	","Load New Tray Start",
Process,"	","2026-09-29 10:41:26","	","	","	","ATC Socket Error Code = 10060",
Process,MES0671,"2026-09-29 10:41:28","	","	","	","Tray Arm - place tray to Empty","DoPlaceToBuffer - From Loader"
Button,"	","2026-09-29 10:41:45","	","	","	","Enter                fMain             BtnPause                PAUSE",
Process,MES2111,"2026-09-29 10:41:45","	","	","	","PAUSE pressed",BtnPauseClick
ChangeLog,"	","2026-09-29 10:41:46","	","	","	","AutoRetest_LOTSTATUS change Value",NONE==>LOTSTATUS_W
ChangeLog,"	","2026-09-29 10:41:46","	","	","	","AutoRetest_iCurrentStatus change Value",0==>1
ChangeLog,"	","2026-09-29 10:41:46","	","	","	","SocketContact_SocketContactCount1 change Value",0==>1
ChangeLog,"	","2026-09-29 10:41:46","	","	","	","SocketContact_SocketContactCountHistory1 change Value",0==>1
ChangeLog,"	","2026-09-29 10:41:46","	","	","	","SocketContact_SocketContactCount2 change Value",0==>1
ChangeLog,"	","2026-09-29 10:41:46","	","	","	","SocketContact_SocketContactCountHistory2 change Value",0==>1
ChangeLog,"	","2026-09-29 10:41:46","	","	","	","SocketContact_SocketContactCount9 change Value",0==>1
ChangeLog,"	","2026-09-29 10:41:46","	","	","	","SocketContact_SocketContactCountHistory9 change Value",0==>1
ChangeLog,"	","2026-09-29 10:41:46","	","	","	","SocketContact_SocketContactCount10 change Value",0==>1
ChangeLog,"	","2026-09-29 10:41:46","	","	","	","SocketContact_SocketContactCountHistory10 change Value",0==>1
Button,"	","2026-09-29 10:41:47","	","	","	","Enter                fMain       sbReturnToMain   Return Main Screen",
Process,MES21108,"2026-09-29 10:41:48","	","	","	","Enter Tray Edit Form","Auto 1"
Button,"	","2026-09-29 10:41:50","	","	","	","Enter         TrayEditForm            spbUpdate               Update",
Process,"	","2026-09-29 10:41:51","	","	","	","ATC Socket Error Code = 10060",
Button,"	","2026-09-29 10:41:53","	","	","	","Enter                fMain             BtnStart                START",
Process,MES2110,"2026-09-29 10:41:53","	","	","	","START pressed",BtnStartClick_SOFT_SIMULTE
UPH,"	","2026-09-29 10:41:54","	","	","	",875,"	"
Process,MES0652,"2026-09-29 10:41:57","	","	","	","Tray Arm - Pick tray from Color",CatchNewTrayFromBuffer
Process,"	","2026-09-29 10:42:08","	","	","	",,
Process,MES0673,"2026-09-29 10:42:10","	","	","	","Tray Arm - place tray to Auto 1","DoPlaceTrayToAuto - From Color"
Process,"	","2026-09-29 10:42:12","	","	","	","ATC Socket Error Code = 10060",
Button,"	","2026-09-29 10:42:26","	","	","	","Enter                fMain             BtnPause                PAUSE",
Process,MES2111,"2026-09-29 10:42:26","	","	","	","PAUSE pressed",BtnPauseClick
ChangeLog,"	","2026-09-29 10:42:27","	","	","	","SocketContact_SocketContactCount1 change Value",1==>3
ChangeLog,"	","2026-09-29 10:42:27","	","	","	","SocketContact_SocketContactCountHistory1 change Value",1==>3
ChangeLog,"	","2026-09-29 10:42:27","	","	","	","SocketContact_SocketContactCount2 change Value",1==>3
ChangeLog,"	","2026-09-29 10:42:27","	","	","	","SocketContact_SocketContactCountHistory2 change Value",1==>3
ChangeLog,"	","2026-09-29 10:42:27","	","	","	","SocketContact_SocketContactCount9 change Value",1==>3
ChangeLog,"	","2026-09-29 10:42:27","	","	","	","SocketContact_SocketContactCountHistory9 change Value",1==>3
ChangeLog,"	","2026-09-29 10:42:27","	","	","	","SocketContact_SocketContactCount10 change Value",1==>3
ChangeLog,"	","2026-09-29 10:42:27","	","	","	","SocketContact_SocketContactCountHistory10 change Value",1==>3
Button,"	","2026-09-29 10:42:28","	","	","	","Enter                fMain       sbReturnToMain   Return Main Screen",
Button,"	","2026-09-29 10:42:29","	","	","	","Enter                fMain       sbStateRecord2                     ",
Process,"	","2026-09-29 10:42:30","	","	","	","State Record.",
Process,"	","2026-09-29 10:42:37","	","	","	","ATC Socket Error Code = 10060",
Process,"	","2026-09-29 10:43:01","	","	","	","ATC Socket Error Code = 10060",
Process,"	","2026-09-29 10:43:26","	","	","	","ATC Socket Error Code = 10060",
Button,"	","2026-09-29 10:43:32","	","	","	","Enter                fMain            sbSetting                Tools",
Button,"	","2026-09-29 10:43:33","	","	","	","Enter                fMain              sbSetup               Set Up",
Process,MES2177,"2026-09-29 10:43:33","	","	","	","Enter Set Up"," "
Process,"	","2026-09-29 10:43:33","	","	","	","Auto clean : reset data because AutoClean Kit Data was change",
Button,"	","2026-09-29 10:43:34","	","	","	","Enter               fSetup              sbtExit                 Exit",
Process,"	","2026-09-29 10:43:34","	","	","	","Auto clean : reset data because AutoClean Kit Data was change",
Button,"	","2026-09-29 10:43:37","	","	","	","Enter                fMain          sbExitSetup                 Exit",
Button,"	","2026-09-29 10:43:38","	","	","	","Enter                fMain       sbStateRecord2                     ",
Process,"	","2026-09-29 10:43:38","	","	","	","State Record.",
Process,"	","2026-09-29 10:43:39","	","	","	","State Record.",
Process,"	","2026-09-29 10:43:40","	","	","	","State Record.",
Process,"	","2026-09-29 10:43:50","	","	","	","ATC Socket Error Code = 10060",
Process,"	","2026-09-29 10:44:11","	","	","	","ATC Socket Error Code = 10060",
Process,"	","2026-09-29 10:44:35","	","	","	","State Record.",
Process,"	","2026-09-29 10:44:36","	","	","	","ATC Socket Error Code = 10060",
Process,"	","2026-09-29 10:44:38","	","	","	","State Record.",
Exception,"	","2026-09-29 10:55:15","	","	","	","Index Torque : COM11 port error , Error Code : 0x02 ==> Error Message : ╰参тぃ﹚郎 ",0
Exception,"	","2026-09-29 10:55:15","	","	","	","Temperature KT4H : COM12 port error",0
Exception,"	","2026-09-29 10:55:15","	","	","	","Real Time CCD : COM1 port error",0
Exception,"	","2026-09-29 10:55:15","	","	","	","Tray Step Motor & Control Panel : COM17 port error",0
Exception,"	","2026-09-29 10:55:15","	","	","	","Vision RS232 : COM8 port error , Error Code : 0x02 ==> Error Message : ╰参тぃ﹚郎 ",0
Process,"	","2026-09-29 10:55:18","	","	","	","Fix1 tray data is clear by InitialMachine",
Process,"	","2026-09-29 10:55:18","	","	","	","Fix2 tray data is clear by InitialMachine",
Process,"	","2026-09-29 10:55:18","	","	","	","Fix3 tray data is clear by InitialMachine",
Process,"	","2026-09-29 10:55:25","	","	","	","Program Start,No,give up last data.",
Process,MES2107,"2026-09-29 10:55:30","	","	","	","Change Start Mode","Continuous Start"
Process,ChangeLog,"2026-09-29 10:55:30","	","	","	","Change bin mode",OffLine
Process,MES2107,"2026-09-29 10:55:31","	","	","	","Change Start Mode","Continuous Start"
Process,ChangeLog,"2026-09-29 10:55:31","	","	","	","Change bin mode",OffLine
Process,"	","2026-09-29 10:55:32","	","	","	","Start Lot Press",fLotInfo::FormShow
Process,"	","2026-09-29 10:55:35","	","	","	","Auto clean : reset data because DevicePices was change",
Process,"	","2026-09-29 10:55:35","	","	","	","Software Start.",
Process,MES2108,"2026-09-29 10:55:37","	","	","	","Program Start",V3.33.906.2.906.2
Process,MES2144,"2026-09-29 10:55:42","	","	","	","======== USER login ========",3===3
Button,"	","2026-09-29 10:55:44","	","	","	","Enter                fMain              BtnHome                 HOME",
Process,MES2112,"2026-09-29 10:55:44","	","	","	","HOME pressed",BtnHomeClick
Motion,WAR2207,"2026-09-29 10:55:45","	","	","	","Do process motor home start."," "
Process,"	","2026-09-29 10:55:45","	","	","	","Reset step of auto site map",ReStartAutoSiteMapping
Button,"	","2026-09-29 10:55:48","	","	","	","Enter                fMain       sbReturnToMain   Return Main Screen",
Motion,WAR2208,"2026-09-29 10:55:57","	","	","	","Do process motor home finish."," "
Process,"	","2026-09-29 10:55:57","	","	","	","ATC Socket Error Code = 10060",
Button,"	","2026-09-29 10:56:00","	","	","	","Enter                fMain             BtnStart                START",
Process,MES2110,"2026-09-29 10:56:00","	","	","	","START pressed",BtnStartClick_SOFT_SIMULTE
Process,"	","2026-09-29 10:56:00","	","	","	",QUAD2X2-1-4-2-3_,
Process,"	","2026-09-29 10:56:00","	","	","	","Auto1-0,1,2,3,4,5,6_Auto2-NA_Auto3-NA_Fix1-NA_Fix2-7,8,9,10,11,12,13,14,15,error_Fix3-NA.",
Button,"	","2026-09-29 10:56:00","	","	","	","Enter                fMain       sbReturnToMain   Return Main Screen",
Process,"	","2026-09-29 10:56:07","	","	","	","After index check trigger initial offset function.(Temp)",
Process,"	","2026-09-29 10:56:07","	","	","	","After first device trigger initial offset function.",
Process,MES0652,"2026-09-29 10:56:15","	","	","	","Tray Arm - Pick tray from Color",CatchNewTrayFromBuffer
Process,"	","2026-09-29 10:56:16","	","	","	",,
Process,MES0673,"2026-09-29 10:56:18","	","	","	","Tray Arm - place tray to Auto 1","DoPlaceTrayToAuto - From Color"
Process,"	","2026-09-29 10:56:22","	","	","	","ATC Socket Error Code = 10060",
Process,"	","2026-09-29 10:56:24","	","	","	","Load New Tray Start",
Process,"	","2026-09-29 10:56:47","	","	","	","ATC Socket Error Code = 10060",
Process,"	","2026-09-29 10:57:12","	","	","	","ATC Socket Error Code = 10060",
Process,"	","2026-09-29 10:57:15","	","	","	","Every fisrt device delay use initial delay","5 sec"
Process,"	","2026-09-29 10:57:37","	","	","	","ATC Socket Error Code = 10060",
Process,"	","2026-09-29 10:57:41","	","	","	","Load Tray exchange for tray finished.",
Process,MES0650,"2026-09-29 10:57:41","	","	","	","Tray Arm - Pick tray from Loader",DoCatchFromLoader
Process,"	","2026-09-29 10:57:41","	","	","	","Load New Tray Start",
Process,MES0671,"2026-09-29 10:57:45","	","	","	","Tray Arm - place tray to Empty","DoPlaceToBuffer - From Loader"
Process,"	","2026-09-29 10:58:02","	","	","	","ATC Socket Error Code = 10060",
UPH,"	","2026-09-29 10:58:04","	","	","	",863,"	"
Button,"	","2026-09-29 10:58:11","	","	","	","Enter                fMain             BtnPause                PAUSE",
Process,MES2111,"2026-09-29 10:58:11","	","	","	","PAUSE pressed",BtnPauseClick
ChangeLog,"	","2026-09-29 10:58:11","	","	","	","SocketContact_SocketContactCount1 change Value",3==>4
ChangeLog,"	","2026-09-29 10:58:11","	","	","	","SocketContact_SocketContactCountHistory1 change Value",3==>4
ChangeLog,"	","2026-09-29 10:58:11","	","	","	","SocketContact_SocketContactCount2 change Value",3==>4
ChangeLog,"	","2026-09-29 10:58:11","	","	","	","SocketContact_SocketContactCountHistory2 change Value",3==>4
ChangeLog,"	","2026-09-29 10:58:11","	","	","	","SocketContact_SocketContactCount9 change Value",3==>4
ChangeLog,"	","2026-09-29 10:58:11","	","	","	","SocketContact_SocketContactCountHistory9 change Value",3==>4
ChangeLog,"	","2026-09-29 10:58:11","	","	","	","SocketContact_SocketContactCount10 change Value",3==>4
ChangeLog,"	","2026-09-29 10:58:11","	","	","	","SocketContact_SocketContactCountHistory10 change Value",3==>4
Button,"	","2026-09-29 10:58:11","	","	","	","Enter                fMain       sbReturnToMain   Return Main Screen",
Process,MES21108,"2026-09-29 10:58:13","	","	","	","Enter Tray Edit Form","Auto 1"
Button,"	","2026-09-29 10:58:15","	","	","	","Enter         TrayEditForm            spbUpdate               Update",
Button,"	","2026-09-29 10:58:17","	","	","	","Enter                fMain             BtnPause                PAUSE",
Button,"	","2026-09-29 10:58:17","	","	","	","Enter                fMain             BtnStart                START",
Process,MES2110,"2026-09-29 10:58:17","	","	","	","START pressed",BtnStartClick_SOFT_SIMULTE
Process,MES0652,"2026-09-29 10:58:21","	","	","	","Tray Arm - Pick tray from Color",CatchNewTrayFromBuffer
Process,"	","2026-09-29 10:58:26","	","	","	","ATC Socket Error Code = 10060",
Process,"	","2026-09-29 10:58:32","	","	","	",,
Process,MES0673,"2026-09-29 10:58:34","	","	","	","Tray Arm - place tray to Auto 1","DoPlaceTrayToAuto - From Color"
Button,"	","2026-09-29 10:58:50","	","	","	","Enter                fMain             BtnPause                PAUSE",
Process,MES2111,"2026-09-29 10:58:50","	","	","	","PAUSE pressed",BtnPauseClick
ChangeLog,"	","2026-09-29 10:58:50","	","	","	","SocketContact_SocketContactCount1 change Value",4==>6
ChangeLog,"	","2026-09-29 10:58:50","	","	","	","SocketContact_SocketContactCountHistory1 change Value",4==>6
ChangeLog,"	","2026-09-29 10:58:50","	","	","	","SocketContact_SocketContactCount2 change Value",4==>6
ChangeLog,"	","2026-09-29 10:58:50","	","	","	","SocketContact_SocketContactCountHistory2 change Value",4==>6
ChangeLog,"	","2026-09-29 10:58:50","	","	","	","SocketContact_SocketContactCount9 change Value",4==>6
ChangeLog,"	","2026-09-29 10:58:50","	","	","	","SocketContact_SocketContactCountHistory9 change Value",4==>6
ChangeLog,"	","2026-09-29 10:58:50","	","	","	","SocketContact_SocketContactCount10 change Value",4==>6
ChangeLog,"	","2026-09-29 10:58:50","	","	","	","SocketContact_SocketContactCountHistory10 change Value",4==>6
Button,"	","2026-09-29 10:58:51","	","	","	","Enter                fMain       sbReturnToMain   Return Main Screen",
Process,"	","2026-09-29 10:58:51","	","	","	","ATC Socket Error Code = 10060",
Button,"	","2026-09-29 10:58:52","	","	","	","Enter                fMain       sbStateRecord2                     ",
Process,"	","2026-09-29 10:58:52","	","	","	","State Record.",
