Package Type,X Start Pos,Y Start Pos,X Pitch,Y Pitch,Columns (X),Rows (Y),X Width,Y Height,Z Tray Tickness,Group,Memo,
QFN 10X10,10,20,20,20,8,16,160,339,2,PLATE,,
BGA 3.5*3.5(8*16),20,20,20,20,8,16,160,339,,,,
QFN 3X3 (8X16),10,20,20,20,8,16,160,339.84,2,PLATE,,
LQFP-100L 14X14,10,20,20,20,8,16,160,339,2,PLATE,,
BIG,13.3,20,26.67,30,6,11,160,339.84,2,PLATE,,
LQFP216(1379   4x8   ),20,30,40,40,4,8,160,339.84,2,PLATE,,
1x4,20,30,20.1,20,8,16,160,339,2,PLATE,,
LQFP 7x7x1.4 (6x11),13.35,20.05,26.65,30,6,11,160,339,2,PLATE,,
QFN 4x4.5(6x15),13.35,21.83,26.66,21.167,6,15,160,339,2,PLATE,,
QFN 4x4.5(6x15)_HONTECH,10,20,20,20,8,16,160,339,2,PLATE,,
SIMG TQFP80 12X12-StreamSwitch,10,20,20,20,8,16,160,339,2,PLATE,,
LQFP 7x7x1.4 (10x12),20,25,20,30,8,12,220,380,2.5,PLATE,,
