檔案	函式	912 行（公司版 912）	913 行	913 多	913 少	狀態	913 作者／日期註記	r913 log 項目	分類	說明	V906 移植現況（自動判讀）	913 新行在 V906 的比例	912 舊行在 V906 的比例	V912 main 也改過	可能的 913 bug	客戶碼字樣	分類者
acarry.cpp	IsShtChkFlagDeadlockFixEnable ()	113-120	116-129	6	0	changed	AI(ht9045-staterecord-analysis) 20260922	L04	customer-specific	Shuttle 檢查旗標死結（Pattern #31）的修法閘門加開偉測（原本只開 AMKOR 菲律賓）	V906 沒有這個函式			no			St02-E
acarry.cpp	IsShtChkFlagDiagEnable ()		135-138	4	0	added_in_913		L04	customer-specific	新增：Pattern #31 診斷 log 的開關，只在偉測機台開	V906 沒有這個函式			n/a			St02-E
acarry.cpp	LogShtChkFlagReArm (int iSht, AnsiString sWhere)		148-174	27	0	added_in_913		L04	new-feature	新增：檢查旗標重新武裝時記下 Shuttle 位置／編碼器／Z 高度（只寫 log）	V906 沒有這個函式			n/a			St02-E
acarry.cpp	LogShtChkFlagEscape (int iSht)		179-210	32	0	added_in_913	AI(ht9045-staterecord-analysis) 20260922	L04	new-feature	新增：死結自救次數累計，第 1／10／每 50 次跳 WAR0497（訊息帶次數）	V906 沒有這個函式			n/a			St02-E
acarry.cpp	LogShtChkFlagGuardFail (int iSht)		215-243	29	0	added_in_913		L04	new-feature	新增：自救守門不成立時記是哪一項條件（組合改變才記）	V906 沒有這個函式			n/a			St02-E
acarry.cpp	DoShtMoveTimeoutHandle (int iSelSHT)	3341-3390	3468-3550	34	1	changed	AI(ht9045-shuttle-flow) 20260915	L05	bugfix	Shuttle 移動逾時：先把移動權／Index 旗標／各軸位置寫進 EventLog，訊息改成「按 OK 回原點，再做 State Record 才 START」（SCK HT9046LS 案例）	V906 尚未更新（還是舊寫法） @acarry.cpp	0.00	1.00	no			St02-E
acarry.cpp	Do_Auto_SHT1 ()	3472-5381	3632-5549	8	0	changed	AI(ht9045-shuttle-flow) 20260908 | AI(ht9045-staterecord-analysis) 20260922	L04,UNLOGGED	bugfix	Shuttle1：Pattern #31 自救／守門 log；【沒寫進 log】case 1 也呼叫出料 Kit 卡料看門狗（原本只在 case 10，Shuttle 卡在 case 1 時看門狗失效；RogerYang 0908）	V906 尚未更新（沒有 913 新行） @acarry.cpp	0.00		no			St02-E
acarry.cpp	Do_Auto_SHT2 ()	5423-7245	5591-7421	8	0	changed	AI(ht9045-shuttle-flow) 20260908 | AI(ht9045-staterecord-analysis) 20260922	L04,UNLOGGED	bugfix	Shuttle2：同 Do_Auto_SHT1（Pattern #31 log＋case 1 呼叫卡料看門狗）	V906 尚未更新（沒有 913 新行） @acarry.cpp	0.00		no			St02-E
acarry.cpp	DoFloodGateClose ()	8608-8628	8784-8798	2	8	changed	JerryYang 20260910	L10	bugfix	Floodgate 關閉條件改成「[C25] 開啟＋ATC 主動降溫」，拿掉原本「ATC Type36 且冷水機溫度 < -20°C」的限制（JerryYang 0910）	部分相符（要人工看） @acarry.cpp	0.50	1.00	no			St02-E
acarry.cpp	DoFloodGateCloseAtShuttleLeft ()		8800-8810	11	0	added_in_913	JerryYang 20261006	L10	new-feature	新增：Shuttle 停在左側時關 Out Shuttle Floodgate（HOME 完成、Tray Feed 完成時呼叫；JerryYang 1006）	V906 沒有這個函式			n/a			St02-E
acarry.cpp	<file scope>			30	0	changed	AI(ht9045-staterecord-analysis) 20260922 | AI(ht9045-shuttle-flow) 20260915	L04,L05	new-feature	Pattern #31 自救計數全域變數與診斷用 extern 宣告	（檔案層，不判讀）			no			St02-E
acarry.h	<file scope>			1	0	changed	JerryYang 20261006	L10	new-feature	宣告 DoFloodGateCloseAtShuttleLeft	（檔案層，不判讀）			no			St02-E
acatchtray.cpp	WhichAutoNeedTray ()	429-1010	430-1019	8	0	changed	AI(ht9045-atk-amr-flow) 20260915	UNLOGGED(ATK)	customer-specific	ATK AMR：Fix-Full 換盤的 Drain／FeedAuto 期間不准 TrayArm 去抓新盤（否則 Empty 盤被當 ID 盤用掉、新 bundle 沒有 NFC ID）；r913 log 只寫了 ATK 的另外幾項	V906 尚未更新（沒有 913 新行） @acatchtray.cpp	0.00		no			St02-E
acatchtray.cpp	CatchNewTrayFromBuffer (int iWhichAuto)	2563-3868	2572-3895	18	0	changed	AI(ht9045-atk-amr-flow) 20260917	L16	customer-specific	ATK AMR：Color 盤沒讀到 NFC ID（只靠 sensor 補帳）就停下來請操作員把盤拿走，不再把空 ID 的盤搬上 Auto	V906 尚未更新（沒有 913 新行） @acatchtray.cpp	0.00		no			St02-E
acatchtray.cpp	<file scope>			1	0	changed	AI(ht9045-atk-amr-flow) 20260917	L16	customer-specific	IsLoaderTrayIDValid 前置宣告	（檔案層，不判讀）			no			St02-E
adam6024.cpp	ADAM_ReadVoltage (int Num, int iCH)	433-505	435-518	13	2	changed	AI(ht9045-io-control) 20260914 | Jimmychiu 20230804	L38	bugfix	ADAM 讀值失敗重連：連續失敗改成每 5 秒才重試一次（原本 IO 畫面 50ms 計時器每拍都重連，每次卡數秒）	V906 尚未更新（還是舊寫法） @Adam6024Comm_St02.cpp	0.17	1.00	no			St02-E
adam6024.cpp	<file scope>			2	0	changed	AI(ht9045-io-control) 20260914	L38	bugfix	重連失敗旗標與冷卻計時器	（檔案層，不判讀）			no			St02-E
ainarm9045.cpp	CheckOneCycleAction (int iTask)	7610-7764	7610-7790	27	1	changed	JerryYang 20260714 | Steven 20230309	UNLOGGED	bugfix	【沒寫進 r913 log】ONE CYCLE 剛好遇到 Loader 換盤時，入料臂改在 Task 50 等下一盤、不提早宣告 One Cycle 完成（避免 Index 提早結束後錯步，DoTestYRear115）；作者註記 JerryYang 20260714，比 912 出貨（0908）還早卻不在 912	V906 尚未更新（還是舊寫法） @ainarm9045.cpp	0.12	1.00	no	MED: 913 ainarm9045.cpp:7759-7765 Clean Out 中 ALed1 亮、但 Loader 盤與台車都沒盤時進到空的 if 區塊：既不 Task=50、也不呼叫原本的 SetShuttleToHasNullICWhenCleanOut()（Steven 20230309「Clean 時都沒 IC 造成 hang up」的修正），這個情況下舊修正被跳過——要問 JerryYang 是不是刻意的		St02-E
ainarm9045_1x1_1.cpp	DoInArmPlaceToShuttle_9045_1x1_1 ()	561-1350	561-1368	20	2	changed	JerryYang 20260903 | Steven 20220620 | Steven 20230116	L01	bugfix	Index 取料失敗（D43 開啟）後 InArm 不再進放料序列、改跳 1110/2110 抬 Z 並解鎖 Shuttle，避免卡死（JerryYang 0903）	V906 尚未更新（沒有 913 新行） @ainarm9045_1x1_1.cpp	0.00		no			St02-E
ainarm9045_1x2_2.cpp	DoInArmPlaceToShuttle_9045_1x2_2_13 ()	666-1544	666-1562	20	2	changed	JerryYang 20260903 | Steven 20220620 | Steven 20230116	L01	bugfix	Index 取料失敗（D43 開啟）後 InArm 不再進放料序列、改跳 1110/2110 抬 Z 並解鎖 Shuttle，避免卡死（JerryYang 0903）	V906 尚未更新（沒有 913 新行） @ainarm9045_1x2_2.cpp	0.00		no			St02-E
ainarm9045_1x2_2_14.cpp	DoInArmPlaceToShuttle_9045_1x2_2_14 ()	610-1494	610-1512	20	2	changed	JerryYang 20260903 | Steven 20220620 | Steven 20230116	L01	bugfix	Index 取料失敗（D43 開啟）後 InArm 不再進放料序列、改跳 1110/2110 抬 Z 並解鎖 Shuttle，避免卡死（JerryYang 0903）	V906 尚未更新（沒有 913 新行） @ainarm9045_1x2_2_14.cpp	0.00		no			St02-E
ainarm9045_1x2_4_Hot.cpp	DoInArmPlaceToShuttle_9045_1x2_4_Hot ()	903-1852	903-1870	20	2	changed	JerryYang 20260903 | Steven 20220620 | Steven 20230116	L01	bugfix	Index 取料失敗（D43 開啟）後 InArm 不再進放料序列、改跳 1110/2110 抬 Z 並解鎖 Shuttle，避免卡死（JerryYang 0903）	V906 尚未更新（沒有 913 新行） @ainarm9045_1x2_4_Hot.cpp	0.00		no			St02-E
ainarm9045_1x3_2_14.cpp	DoInArmPlaceToShuttle_9045_1x3_2_14 ()	731-1595	731-1613	20	2	changed	JerryYang 20260903 | Steven 20220620 | Steven 20230116	L01	bugfix	Index 取料失敗（D43 開啟）後 InArm 不再進放料序列、改跳 1110/2110 抬 Z 並解鎖 Shuttle，避免卡死（JerryYang 0903）	V906 尚未更新（沒有 913 新行） @ainarm9045_1x3_2_14.cpp	0.00		no			St02-E
ainarm9045_1x3_4.cpp	DoInArmPlaceToShuttle_9045_1x3_4 ()	756-1640	756-1658	20	2	changed	JerryYang 20260903 | Steven 20220620 | Steven 20230116	L01	bugfix	Index 取料失敗（D43 開啟）後 InArm 不再進放料序列、改跳 1110/2110 抬 Z 並解鎖 Shuttle，避免卡死（JerryYang 0903）	V906 尚未更新（沒有 913 新行） @ainarm9045_1x3_4.cpp	0.00		no			St02-E
ainarm9045_1x4_2.cpp	DoInArmPlaceToShuttle_9045_1x4_2_14 ()	708-1595	708-1613	20	2	changed	JerryYang 20260903 | Steven 20220620 | Steven 20230116	L01	bugfix	Index 取料失敗（D43 開啟）後 InArm 不再進放料序列、改跳 1110/2110 抬 Z 並解鎖 Shuttle，避免卡死（JerryYang 0903）	V906 尚未更新（沒有 913 新行） @ainarm9045_1x4_2.cpp	0.00		no			St02-E
ainarm9045_1x4_4.cpp	DoInArmPlaceToShuttle_9045_1x4_4 ()	866-1754	866-1772	20	2	changed	JerryYang 20260903 | Steven 20220620 | Steven 20230116	L01	bugfix	Index 取料失敗（D43 開啟）後 InArm 不再進放料序列、改跳 1110/2110 抬 Z 並解鎖 Shuttle，避免卡死（JerryYang 0903）	V906 尚未更新（沒有 913 新行） @ainarm9045_1x4_4.cpp	0.00		no			St02-E
ainarm9045_1x4_4_Back.cpp	DoInArmPlaceToShuttle_9045_1x4_4_Back ()	720-1604	720-1622	20	2	changed	JerryYang 20260903 | Steven 20220620 | Steven 20230116	L01	bugfix	Index 取料失敗（D43 開啟）後 InArm 不再進放料序列、改跳 1110/2110 抬 Z 並解鎖 Shuttle，避免卡死（JerryYang 0903）	V906 尚未更新（沒有 913 新行） @ainarm9045_1x4_4_Back.cpp	0.00		no			St02-E
ainarm9045_1x4_8_Hot.cpp	DoInArmPlaceToShuttle_9045_1x4_8_Hot ()	803-1724	803-1742	20	2	changed	JerryYang 20260903 | Steven 20220620 | Steven 20230116	L01	bugfix	Index 取料失敗（D43 開啟）後 InArm 不再進放料序列、改跳 1110/2110 抬 Z 並解鎖 Shuttle，避免卡死（JerryYang 0903）	V906 尚未更新（沒有 913 新行） @ainarm9045_1x4_8_Hot.cpp	0.00		no			St02-E
ainarm9045_2x1_2.cpp	DoInArmPlaceToShuttle_9045_2x1_2 ()	690-1574	690-1592	20	2	changed	JerryYang 20260903 | Steven 20220620 | Steven 20230116	L01	bugfix	Index 取料失敗（D43 開啟）後 InArm 不再進放料序列、改跳 1110/2110 抬 Z 並解鎖 Shuttle，避免卡死（JerryYang 0903）	V906 尚未更新（沒有 913 新行） @ainarm9045_2x1_2.cpp	0.00		no			St02-E
ainarm9045_2x2_4.cpp	DoInArmPlaceToShuttle_9045_2x2_4_13 ()	742-1628	742-1646	20	2	changed	JerryYang 20260903 | Steven 20220620 | Steven 20230116	L01	bugfix	Index 取料失敗（D43 開啟）後 InArm 不再進放料序列、改跳 1110/2110 抬 Z 並解鎖 Shuttle，避免卡死（JerryYang 0903）	V906 尚未更新（沒有 913 新行） @ainarm9045_2x2_4.cpp	0.00		no			St02-E
ainarm9045_2x2_4_12.cpp	DoInArmPlaceToShuttle_9045_2x2_4_12 ()	627-1503	627-1521	20	2	changed	JerryYang 20260903 | Steven 20220620 | Steven 20230116	L01	bugfix	Index 取料失敗（D43 開啟）後 InArm 不再進放料序列、改跳 1110/2110 抬 Z 並解鎖 Shuttle，避免卡死（JerryYang 0903）	V906 尚未更新（沒有 913 新行） @ainarm9045_2x2_4_12.cpp	0.00		no			St02-E
ainarm9045_2x2_4_14.cpp	DoInArmPlaceToShuttle_9045_2x2_4_14 ()	690-1574	690-1592	20	2	changed	JerryYang 20260903 | Steven 20220620 | Steven 20230116	L01	bugfix	Index 取料失敗（D43 開啟）後 InArm 不再進放料序列、改跳 1110/2110 抬 Z 並解鎖 Shuttle，避免卡死（JerryYang 0903）	V906 尚未更新（沒有 913 新行） @ainarm9045_2x2_4_14.cpp	0.00		no			St02-E
ainarm9045_2x2_8_Hot.cpp	DoInArmPlaceToShuttle_9045_2x2_8_Hot ()	2305-3236	2305-3254	20	2	changed	JerryYang 20260903 | Steven 20220620 | Steven 20230116	L01	bugfix	Index 取料失敗（D43 開啟）後 InArm 不再進放料序列、改跳 1110/2110 抬 Z 並解鎖 Shuttle，避免卡死（JerryYang 0903）	V906 尚未更新（沒有 913 新行） @ainarm9045_2x2_8_Hot.cpp	0.00		no			St02-E
ainarm9045_2x3_6.cpp	DoInArmPlaceToShuttle_9045_2x3_6 ()	838-1724	838-1742	20	2	changed	JerryYang 20260903 | Steven 20220620 | Steven 20230116	L01	bugfix	Index 取料失敗（D43 開啟）後 InArm 不再進放料序列、改跳 1110/2110 抬 Z 並解鎖 Shuttle，避免卡死（JerryYang 0903）	V906 尚未更新（沒有 913 新行） @ainarm9045_2x3_6.cpp	0.00		no			St02-E
ainarm9045_2x3_6_14.cpp	DoInArmPlaceToShuttle_9045_2x3_6_14 ()	929-1802	929-1820	20	2	changed	JerryYang 20260903 | Steven 20220620 | Steven 20230116	L01	bugfix	Index 取料失敗（D43 開啟）後 InArm 不再進放料序列、改跳 1110/2110 抬 Z 並解鎖 Shuttle，避免卡死（JerryYang 0903）	V906 尚未更新（沒有 913 新行） @ainarm9045_2x3_6_14.cpp	0.00		no			St02-E
ainarm9045_2x4_16.cpp	DoPlaceToShuttle_9045_2x4_16 ()	2034-2920	2034-2938	20	2	changed	JerryYang 20260903 | Steven 20220620 | Steven 20230116	L01	bugfix	Index 取料失敗（D43 開啟）後 InArm 不再進放料序列、改跳 1110/2110 抬 Z 並解鎖 Shuttle，避免卡死（JerryYang 0903）	V906 尚未更新（沒有 913 新行） @ainarm9045_2x4_16.cpp	0.00		no			St02-E
ainarm9045_2x4_4.cpp	DoInArmPlaceToShuttle_9045_2x4_4_14 ()	967-1852	967-1870	20	2	changed	JerryYang 20260903 | Steven 20220620 | Steven 20230116	L01	bugfix	Index 取料失敗（D43 開啟）後 InArm 不再進放料序列、改跳 1110/2110 抬 Z 並解鎖 Shuttle，避免卡死（JerryYang 0903）	V906 尚未更新（沒有 913 新行） @ainarm9045_2x4_4.cpp	0.00		no			St02-E
ainarm9045_2x4_8.cpp	DoInArmPlaceToShuttle_9045_2x4_8 ()	1137-2025	1137-2043	20	2	changed	JerryYang 20260903 | Steven 20220620 | Steven 20230116	L01	bugfix	Index 取料失敗（D43 開啟）後 InArm 不再進放料序列、改跳 1110/2110 抬 Z 並解鎖 Shuttle，避免卡死（JerryYang 0903）	V906 尚未更新（沒有 913 新行） @ainarm9045_2x4_8.cpp	0.00		no			St02-E
ainarm9045_2x5_8.cpp	DoInArmPlaceToShuttle_9045_2x5_8 ()	907-1791	907-1809	20	2	changed	JerryYang 20260903 | Steven 20220620 | Steven 20230116	L01	bugfix	Index 取料失敗（D43 開啟）後 InArm 不再進放料序列、改跳 1110/2110 抬 Z 並解鎖 Shuttle，避免卡死（JerryYang 0903）	V906 尚未更新（沒有 913 新行） @ainarm9045_2x5_8.cpp	0.00		no			St02-E
ainarm9045_2x6_8.cpp	DoInArmPlaceToShuttle_9045_2x6_8 ()	1327-2211	1327-2229	20	2	changed	JerryYang 20260903	L01	bugfix	Index 取料失敗（D43 開啟）後 InArm 不再進放料序列、改跳 1110/2110 抬 Z 並解鎖 Shuttle，避免卡死（JerryYang 0903）	V906 尚未更新（沒有 913 新行） @ainarm9045_2x6_8.cpp	0.00		no			St02-E
ainarm9045_2x8_32.cpp	DoPlaceToShuttle_9045_2x8_32 ()	4625-5562	4625-5580	20	2	changed	JerryYang 20260903 | Steven 20220620 | Steven 20230116	L01	bugfix	Index 取料失敗（D43 開啟）後 InArm 不再進放料序列、改跳 1110/2110 抬 Z 並解鎖 Shuttle，避免卡死（JerryYang 0903）	V906 尚未更新（沒有 913 新行） @ainarm9045_2x8_32.cpp	0.00		no			St02-E
ainarm9045_2x8_8.cpp	DoInArmPlaceToShuttle_9045_2x8_8 ()	2050-2941	2050-2959	20	2	changed	JerryYang 20260903 | Steven 20220620 | Steven 20230116	L01	bugfix	Index 取料失敗（D43 開啟）後 InArm 不再進放料序列、改跳 1110/2110 抬 Z 並解鎖 Shuttle，避免卡死（JerryYang 0903）	V906 尚未更新（沒有 913 新行） @ainarm9045_2x8_8.cpp	0.00		no			St02-E
ainarm9045_All_1Pick.cpp	DoInArmPlaceToShuttle_9045_All_1Pick ()	574-1496	574-1514	20	2	changed	JerryYang 20260903 | Steven 20220620 | Steven 20230116	L01	bugfix	Index 取料失敗（D43 開啟）後 InArm 不再進放料序列、改跳 1110/2110 抬 Z 並解鎖 Shuttle，避免卡死（JerryYang 0903）	V906 尚未更新（沒有 913 新行） @ainarm9045_All_1Pick.cpp	0.00		no			St02-E
ainarm_SearchPickPlate.cpp	DoInArmPickFromHotPlate_9045 ()	789-1380	789-1380	6	6	changed	AI(ht9045-inarm-flow) 20260909 | Steven 20220527	L03	bugfix	ASM 熱盤借料：在 case 300 決定「這次是不是借料」，case 330（SKIP）／350 沿用，不再即時重判模式（避免暫停中關站切模式後拿殘值亂記帳）	V906 尚未更新（還是舊寫法） @ainarm_SearchPickPlate.cpp	0.00	1.00	no			St02-E
aoutarm9045.cpp	UseFix3Cylinder (int iWhichFix)	886-1278	886-1281	3	0	changed	AI(ht9045-outarm-flow) 20260908	UNLOGGED	unclear	【沒寫進 log、而且沒有作用】加了「距上次進入超過 5 秒＝被警報／暫停凍住」的判斷，但算出來的 bFix3Frozen 之後沒有任何地方使用	V906 尚未更新（沒有 913 新行） @aoutarm9045.cpp	0.00		no	MED: 913 aoutarm9045.cpp:893-895 新增 hFix3Gap／bFix3Frozen，但整支檔沒有再讀 bFix3Frozen（只剩這 3 行）——註解說的「凍住期間不算給氣缸的時間」沒有實作，像是改到一半；要問 RogerYang		St02-E
asendic_Color.cpp	DoColorTrayToRear ()	387-812	387-813	2	1	changed	AI(ht9045-atk-amr-flow) 20260917	L18	customer-specific	ATK AMR：Color 盤的 Bundle ID 改抓 Cover Tray 的 ID（原本抓到 Loader NFC 通道），並寫進 CEID 285 真正送出的欄位	V906 尚未更新（還是舊寫法） @asendic_Color.cpp	0.00	1.00	no			St02-E
asendic_Color.cpp	IsColorReceiveHoldByCatching ()		832-844	13	0	added_in_913	AI(ht9045-catchtray-flow) 20260914	L19	customer-specific	新增（JSCC）：TrayArm 夾盤時，只暫緩「還沒開始」的 Color 退盤	V906 沒有這個函式			n/a		CC_SCC CUSTOMER_CODE	St02-E
asendic_Color.cpp	DoAutoColor ()	822-1165	846-1188	2	3	changed	AI(ht9045-catchtray-flow) 20260914	L19	customer-specific	JSCC：TrayArm 夾盤時不再把進行中的 Color 退盤打回原點（原 0225 版會讓皮帶一直往外、軌道再也補不到盤）	V906 尚未更新（還是舊寫法） @asendic_Color.cpp	0.00	1.00	no		CC_SCC CUSTOMER_CODE	St02-E
asendic_Color.cpp	<file scope>			10	0	changed	AI(ht9045-catchtray-flow) 20260914	L19	customer-specific	說明註解（P260914-JSCC Color 軌道反轉）	（檔案層，不判讀）			no		CC_SCC	St02-E
asendic_Color.h	<file scope>			1	0	changed	AI(ht9045-catchtray-flow) 20260914	L19	customer-specific	宣告 IsColorReceiveHoldByCatching	（檔案層，不判讀）			no			St02-E
asendic_Empty.cpp	IsEmptyReceiveHoldByCatching ()		640-652	13	0	added_in_913	AI(ht9045-catchtray-flow) 20260914	L19	customer-specific	新增（JSCC）：同 Color，Empty 退盤只在還沒開始時暫緩	V906 沒有這個函式			n/a		CC_SCC CUSTOMER_CODE	St02-E
asendic_Empty.cpp	DoAutoEmpty ()	631-895	654-917	2	3	changed	AI(ht9045-catchtray-flow) 20260914	L19	customer-specific	JSCC：TrayArm 夾盤時不再打斷進行中的 Empty 退盤	V906 尚未更新（還是舊寫法） @asendic_Empty.cpp	0.00	1.00	no		CC_SCC CUSTOMER_CODE	St02-E
asendic_Empty.cpp	<file scope>			10	0	changed	AI(ht9045-catchtray-flow) 20260914	L19	customer-specific	說明註解（P260914-JSCC Empty 軌道反轉）	（檔案層，不判讀）			no		CC_SCC	St02-E
asendic_Empty.h	<file scope>			1	0	changed	AI(ht9045-catchtray-flow) 20260914	L19	customer-specific	宣告 IsEmptyReceiveHoldByCatching	（檔案層，不判讀）			no			St02-E
atester.cpp	GetTesterResult (int Type)	849-2573	849-2574	1	0	changed	JerryYang 20260917	L07	new-feature	每次開始測試時把「測試中遠端變溫次數」歸零	V906 尚未更新（沒有 913 新行） @atester.cpp	0.00		no			St02-E
atester.cpp	ProcessTestResult (int Index)	2641-3599	2642-3602	2	0	changed	AI(ht9045-index-flow) 20260921	L11	bugfix	I54 溫度異常：整座 IC 判 Error Bin 後就地清旗標並寫 log（旗標留著會讓下一輪提早結束）	V906 尚未更新（沒有 913 新行） @atester.cpp	0.00		no			St02-E
atester.cpp	DoInterFaceErrorStep (int ZAxisSelect)	3886-4132	3890-4154	18	0	changed	AI(ht9045-index-flow) 20260912	UNLOGGED	refactor-or-cosmetic	只加診斷 log：等 Z 到安全高度等不到時每 5 秒記一筆（Pattern #27，RogerYang 0912；不影響動作）	V906 尚未更新（沒有 913 新行） @atester.cpp	0.00		no			St02-E
atester.cpp	DoCheckHasTestTempChange ()	11925-11945	11947-11968	1	0	changed	JerryYang 20260917	L07	new-feature	檢查測試中變溫時先把變溫次數歸零	V906 尚未更新（沒有 913 新行） @atester.cpp	0.00		no			St02-E
atester.cpp	<file scope>			1	0	changed	AI(ht9045-index-flow) 20260912	UNLOGGED	refactor-or-cosmetic	Pattern #27 診斷用節流計時器	（檔案層，不判讀）			no			St02-E
atester_32Site.cpp	DoTestY_TwoArm32Site ()	779-2431	779-2432	1	0	changed	AI(ht9045-auto-temp-offset) 20260909	L08	bugfix	NN 兩臂路徑 Arm Down 前先把測試模式帶給 GPIB 端（原本沒帶，GPIB 端拿到舊值；RogerYang 0909 auto-temp-offset）	V906 尚未更新（沒有 913 新行） @atester_32Site.cpp	0.00		no			St02-E
aTester_Front.cpp	DoFrontTestDestroyIC (bool bCheckZ2)	311-930	311-928	0	2	changed		UNLOGGED	refactor-or-cosmetic	拿掉兩個沒用到的區域變數（shuttle 偏移診斷，0826 留下的）	部分相符（要人工看） @aTester_Front.cpp		0.00	no			St02-E
aTester_Front.cpp	DoFrontTestSuckIC ()	942-2303	941-2308	7	1	changed	AI(ht9045-index-flow) 20260908 | ChungHung 20120717	L02	bugfix	Index 臂 1 取料失敗（D43）後 case 306：Shuttle 已被拉到左側也放行；FR 30 秒等不到清空就改走一般路徑報 JAM0301，不再無聲卡死	V906 尚未更新（還是舊寫法） @aTester_Front.cpp	0.00	1.00	no			St02-E
aTester_Front.cpp	<file scope>			1	0	changed	AI(ht9045-index-flow) 20260908	L02	bugfix	case 306 的 30 秒看門狗計時器	（檔案層，不判讀）			no			St02-E
aTester_Rear.cpp	DoRearTestDestroyIC (bool bCheckZ1)	311-950	311-948	0	2	changed		UNLOGGED	refactor-or-cosmetic	拿掉兩個沒用到的區域變數（同 Front）	部分相符（要人工看） @aTester_Rear.cpp		0.00	no			St02-E
aTester_Rear.cpp	DoRearTestSuckIC ()	962-2288	961-2293	7	1	changed	AI(ht9045-index-flow) 20260908 | ChungHung 20120717	L02	bugfix	Index 臂 2 取料失敗（D43）後 case 306：同 Front，30 秒等不到報 JAM0302	V906 尚未更新（還是舊寫法） @aTester_Rear.cpp	0.00	1.00	no			St02-E
aTester_Rear.cpp	<file scope>			1	0	changed	AI(ht9045-index-flow) 20260908	L02	bugfix	case 306 的 30 秒看門狗計時器	（檔案層，不判讀）			no			St02-E
AutoClean/AutoClean.cpp	ACSimKitHasRecyclablePad ()		5050-5069	20	0	added_in_913	AI(ht9045-inarm-flow) 20260912	L06	bugfix	新增：AutoClean 模擬（ACSim）時判斷 Clean Kit 上還有上一輪用過、可回充的 pad	V906 沒有這個函式			n/a			St02-E
AutoClean/AutoClean.cpp	DoAutoCleanKit ()	5093-6487	5114-6510	4	2	changed	AI(ht9045-inarm-flow) 20260827 | AI(ht9045-inarm-flow) 20260912	L06	bugfix	AutoClean 模擬：Kit 上有可回充的 pad 時不再誤判「沒 pad」而跳 540（只影響模擬窗口）	V906 尚未更新（沒有 913 新行） @AutoClean/AutoClean.cpp	0.00	0.00	no			St02-E
AutoClean/AutoClean.cpp	<file scope>			1	0	changed		L06	refactor-or-cosmetic	多一條分隔註解線	（檔案層，不判讀）			no			St02-E
Automation/AGV.cpp	ReportATKPortCEID (int iTrack)		2143-2153	11	0	added_in_913	AI(ht9045-atk-amr-flow) 20261005	L15	customer-specific	新增（ATK AMR）：依軌道送 CEID 217~222（Loader／Empty／Color／Auto1~3 的 port 狀態），只上報不影響流程	V906 沒有這個函式			n/a			St02-E
Automation/AGV.cpp	bScanLoadPortState_ATK ()	2143-2379	2155-2396	5	0	changed	AI(ht9045-atk-amr-flow) 20261005	L15	customer-specific	ATK AMR：各軌 port 狀態改變時補送對應的 CEID 217~222（Loader 在 Transfer 狀態不送）	V906 尚未更新（沒有 913 新行） @Automation/AGV_PortScan.cpp	0.00		no			St02-E
Automation/AGV.cpp	<file scope>			1	0	changed		UNLOGGED	refactor-or-cosmetic	多一條分隔註解線	（檔案層，不判讀）			no			St02-E
Automation/AGV.h	<file scope>			1	0	changed	AI(ht9045-atk-amr-flow) 20261005	L15	customer-specific	宣告 ReportATKPortCEID	（檔案層，不判讀）			no			St02-E
Automation/automation.cpp	TfAutomation::TfAutomation (TComponent* Owner)	58-150	58-153	3	0	changed	RogerYang 20260916	L21	customer-specific	HANA RMS 新增待送指令佇列、連線錯誤原因、查詢起算時間的初始化（HANA）	V906 尚未更新（沒有 913 新行） @Automation/automation.cpp	0.00		no			helper
Automation/automation.cpp	HANARMS_ContactMethod (int iContactMode)	2595-2609	2599-2616	12	9	changed	AI(ht9045-hana-rms-interlock) 20261005	L22	customer-specific	送去 RMS 比對的 Contact mode 由 RELEASE/DIRECT 改成 HANA 1002 表的模式名稱，表上沒有的回 UNSUPPORTED（HANA）	V906 尚未更新（還是舊寫法） @Automation/HanaRms_St02.cpp	0.00	1.00	no			helper
Automation/automation.cpp	HANARMS_IsLowSpeed (int iContactMode)		2619-2633	15	0	added_in_913		L22	customer-specific	LOW_SPD 判斷依 HANA 1002：Slow 與 Soft EP 模式都算啟用（HANA）	V906 沒有這個函式			n/a			helper
Automation/automation.cpp	HANARMS_AddFail (AnsiString &asFail, AnsiString asItem)		2671-2675	5	0	added_in_913		L22	customer-specific	RMS 比對失敗項目串接用的小工具（HANA）	V906 沒有這個函式			n/a			helper
Automation/automation.cpp	HANARMS_IsOff (AnsiString s)		2678-2682	5	0	added_in_913		L22	customer-specific	伺服器值「-」或「D」都視為功能停用（HANA 1002）	V906 沒有這個函式			n/a			helper
Automation/automation.cpp	HANARMS_Norm (AnsiString s)		2685-2704	20	0	added_in_913		L22	customer-specific	字串轉大寫、空白併成底線，讓 Contact mode 名稱比對不分大小寫與空白（HANA）	V906 沒有這個函式			n/a			helper
Automation/automation.cpp	HANARMS_CmpNorm (AnsiString asName, AnsiString asServer, bool bFound, AnsiString asHandler, AnsiString &asFail)		2707-2715	9	0	added_in_913		L22	customer-specific	Contact mode 名稱正規化後比對，未送或「-」跳過（HANA）	V906 沒有這個函式			n/a			helper
Automation/automation.cpp	HANARMS_CmpFlag (AnsiString asName, AnsiString asServer, bool bFound, bool bHandlerOn, AnsiString &asFail)		2718-2728	11	0	added_in_913		L22	customer-specific	開關欄位比對：伺服器 E＝須啟用，-/D＝須停用（HANA）	V906 沒有這個函式			n/a			helper
Automation/automation.cpp	HANARMS_CmpFunc (AnsiString asName, AnsiString asServer, bool bFound, bool bOn, double dHandler, AnsiString &asFail)		2731-2748	18	0	added_in_913		L22	customer-specific	數值欄位比對連帶檢查功能開關：送數值＝須啟用且數值相同，-/D＝須停用（HANA）	V906 沒有這個函式			n/a			helper
Automation/automation.cpp	HANARMS_CmpList (AnsiString asName, AnsiString asServer, bool bFound, AnsiString asHandler, AnsiString &asFail)		2751-2760	10	0	added_in_913		L22	customer-specific	Special Bin 逗號串比對，-/D 表示 Handler 不可有設定（HANA）	V906 沒有這個函式			n/a			helper
Automation/automation.cpp	HANARMSCut (AnsiString asStr, int iMax)		2784-2789	6	0	added_in_913		UNLOGGED	customer-specific	RMS 失敗訊息單欄過長時截斷加「...」，避免彈窗折行（HANA）	V906 沒有這個函式			n/a			helper
Automation/automation.cpp	HANARMSFailForDialog (AnsiString asFail, AnsiString &asMain, AnsiString &asSub)		2795-2844	50	0	added_in_913		UNLOGGED	customer-specific	RMS 比對失敗彈窗改成逐欄分行、最多列 8 欄並附總數與下一步提示（HANA）	V906 沒有這個函式			n/a			helper
Automation/automation.cpp	HANARMSCompare (AnsiString asLine, AnsiString &asFail)	2683-2769	2847-2936	34	31	changed	AI(ht9045-hana-rms-interlock) 20261005	L22	customer-specific	RMS recipe 比對改依 HANA 1002：室溫一律比 Ambient 設定、WIN_CNT 改比 Low Yield 計數、數值欄連帶比功能開關、AT_OFF 改比連續失敗觸發、RT_AT_OFF 固定 D（HANA）	V906 尚未更新（還是舊寫法） @Automation/HanaRms_St02.cpp	0.17	1.00	no			helper
Automation/automation.cpp	HANARMSParseJobInfoRep (TMemo *mmo, AnsiString asLine)	2790-2836	2957-3003	4	4	changed		L22	customer-specific	RMS 畫面欄位說明文字改成 contact mode、E/D（HANA）	V906 尚未更新（還是舊寫法） @Automation/HanaRms_St02.cpp	0.00	1.00	no			helper
Automation/automation.cpp	TfAutomation::HANARMSClientConnect (TObject *Sender, TCustomWinSocket *Socket)	2838-2845	3005-3014	2	0	changed	RogerYang 20260916	L21	customer-specific	RMS 連上後清掉舊錯誤並送出排隊中的指令（HANA）	V906 尚未更新（沒有 913 新行） @Automation/HanaRms_St02.cpp	0.00		no			helper
Automation/automation.cpp	TfAutomation::HANARMSClientRead (TObject *Sender, TCustomWinSocket *Socket)	2856-2907	3025-3076	1	1	changed	RogerYang 20260916	UNLOGGED	customer-specific	收到 LOT_INFO 回覆後接著查 JOB 的 HDNAME 預設改用機台 Machine ID（原固定 HD_01）（HANA）	V906 尚未更新（沒有 913 新行） @Automation/HanaRms_St02.cpp	0.00	0.00	no			helper
Automation/automation.cpp	TfAutomation::HANARMSClientError (TObject *Sender, TCustomWinSocket *Socket, TErrorEvent ErrorEvent, int &ErrorCode)	2909-2916	3078-3089	5	1	changed	RogerYang 20260916	L21	customer-specific	RMS 連線失敗時記下可讀原因（IP:Port 與錯誤碼）並丟棄排隊指令（HANA）	V906 尚未更新（還是舊寫法） @Automation/HanaRms_St02.cpp	0.00	1.00	no			helper
Automation/automation.cpp	TfAutomation::btnRMS_GetLotClick (TObject *Sender)	2964-2968	3137-3153	13	1	changed	RogerYang 20260916	UNLOGGED	customer-specific	RMS 畫面 Get Lot 鈕由填範本改成直接查詢，當互鎖失敗後的手動重試（HANA）	V906 尚未更新（還是舊寫法） @Automation/HanaRms_St02.cpp	0.00	1.00	no			helper
Automation/automation.cpp	TfAutomation::btnRMS_GetJobClick (TObject *Sender)	2970-2974	3155-3159	1	1	changed	RogerYang 20260916	UNLOGGED	customer-specific	RMS 手動指令範本的 HDNAME 改帶機號（HANA）	V906 尚未更新（還是舊寫法） @Automation/HanaRms_St02.cpp	0.00	1.00	no			helper
Automation/automation.cpp	TfAutomation::btnRMS_EventClick (TObject *Sender)	2976-2980	3161-3165	1	1	changed	RogerYang 20260916	UNLOGGED	customer-specific	RMS 手動指令範本的 HDNAME 改帶機號（HANA）	V906 尚未更新（還是舊寫法） @Automation/HanaRms_St02.cpp	0.00	1.00	no			helper
Automation/automation.cpp	TfAutomation::btnRMS_GetTimeClick (TObject *Sender)	2982-2986	3167-3171	1	1	changed	RogerYang 20260916	UNLOGGED	customer-specific	RMS 手動指令範本的 HDNAME 改帶機號（HANA）	V906 尚未更新（還是舊寫法） @Automation/HanaRms_St02.cpp	0.00	1.00	no			helper
Automation/automation.cpp	TfAutomation::LoadHANARMSSetting ()	3042-3047	3227-3233	3	2	changed	RogerYang 20260916	L21	customer-specific	RMS IP 預設改空白（＝未設定，取代 127.0.0.1 佔位）；Port 預設由 6670 改 14140（此項 log 未提）（HANA）	V906 尚未更新（還是舊寫法） @Automation/HanaRms_St02.cpp	0.00	1.00	no			helper
Automation/automation.cpp	TfAutomation::PrepareHANARMSConnect ()	3051-3074	3237-3246	3	17	changed	RogerYang 20260916	L21	customer-specific	開機只連一次驗證伺服器可達，之後一律隨需重連（HANA）	V906 尚未更新（還是舊寫法） @Automation/HanaRms_Prepare_St02.cpp	0.00	1.00	no			helper
Automation/automation.cpp	TfAutomation::HANARMSSendCmd (AnsiString asCmd)	3078-3101	3250-3276	10	7	changed	RogerYang 20260916	L21	customer-specific	未連線時指令先排隊再發起連線，連上才送，不再直接丟掉（HANA）	V906 尚未更新（還是舊寫法） @Automation/HanaRms_St02.cpp	0.14	1.00	no			helper
Automation/automation.cpp	TfAutomation::HANARMSIsConnected ()		3279-3290	12	0	added_in_913		L21	customer-specific	判斷 RMS socket 是否真的連上（HANA）	V906 沒有這個函式			n/a			helper
Automation/automation.cpp	TfAutomation::HANARMSConnect ()		3293-3326	34	0	added_in_913		L21	customer-specific	非阻塞發起 RMS 連線；IP/Port 未設定或例外時記錯誤並清佇列（HANA）	V906 沒有這個函式			n/a			helper
Automation/automation.cpp	TfAutomation::HANARMSFlushPending ()		3329-3347	19	0	added_in_913		L21	customer-specific	連上後依序送出排隊中的指令（HANA）	V906 沒有這個函式			n/a			helper
Automation/automation.cpp	TfAutomation::HANARMSGetHDName ()		3351-3358	8	0	added_in_913		UNLOGGED	customer-specific	HDNAME 預設用 Gerneral.ini 的 Machine ID，HANARMS.ini 有填 HDName 才覆寫（HANA）	V906 沒有這個函式			n/a			helper
Automation/automation.cpp	TfAutomation::HANARMSQueryJobInfo (AnsiString asLot)	3104-3114	3361-3377	11	5	changed	RogerYang 20260916	L21	customer-specific	開批查詢：同批重查不清掉既有基準，換批才作廢；清掉上一批未送指令並記錄查詢時間（HANA）	V906 尚未更新（還是舊寫法） @Automation/HanaRms_St02.cpp	0.12	0.75	no			helper
Automation/automation.cpp	TfAutomation::HANARMSCheckRecipe (AnsiString &asFail)	3117-3134	3380-3408	12	1	changed	RogerYang 20260916	L21	customer-specific	沒收到 JOB 資訊時，失敗訊息分成未開批／連線失敗／未連線／伺服器未回覆幾秒（HANA）	V906 尚未更新（還是舊寫法） @Automation/HanaRms_St02.cpp	0.10	1.00	no			helper
Automation/automation.cpp	TfAutomation::HANARMSRunCheckOK (bool bShowAlarm)	3137-3158	3411-3460	29	1	changed	RogerYang 20260916	L21	customer-specific	比對失敗且沒有基準時自動重發查詢（5 秒節流），操作員再按 Start 即重試；失敗彈窗放大並逐欄列出（HANA）	V906 尚未更新（還是舊寫法） @Automation/HanaRms_St02.cpp	0.00	1.00	no			helper
Automation/automation.cpp	TfAutomation::HANARMSCheckLinkBeforeStart ()		3465-3503	39	0	added_in_913		L21	customer-specific	按 Start 前先確認 RMS 連得上（最多等 3 秒），連不上就拒絕開始、料不進機台（HANA）	V906 沒有這個函式			n/a	LOW: 3478-3486 行在 Start() 內用 ProcessMessages＋Sleep 等最多 3 秒，註解前提是「Start 只由按鍵觸發」，但 fMain->Start() 另有遠端／自動重啟呼叫端；RMS 閒置 30 秒就斷，幾乎每次 Start 都會進這段等待，若由 GPIB/SECS 訊息處理中觸發可能卡住對方或重入（未實測，僅依呼叫端推論）	CUSTOMER_CODE	helper
Automation/automation.cpp	HANARMS_LowSpeed (int iContactMode)	2612-2624		0	13	removed_in_913		L22	customer-specific	舊的 LOW_SPD 判斷（只認 Slow）移除，改用 HANARMS_IsLowSpeed（HANA）	V906 尚未更新（還是舊寫法） @Automation/HanaRms_St02.cpp		1.00	no			helper
Automation/automation.cpp	<file scope>			38	3	changed	RogerYang 20260916 | AI(ht9045-hana-rms-interlock) 20261005	L21,L22	customer-specific	新增 Start 前連線等待上限 3 秒常數與 HANA 1002 比對規則說明註解（HANA）	（檔案層，不判讀）			no			helper
Automation/automation.h	<file scope>			9	0	changed	RogerYang 20260916	L21	customer-specific	HANA RMS 隨需連線用的成員與函式宣告（待送佇列、連線錯誤、Start 前檢查）	（檔案層，不判讀）			no			St02-E
Automation/SCK_ART.cpp	TfSCKART::DoARTLotStart (AnsiString _sLotID, AnsiString _sProcess, int _iLotCount)	4192-4256	4192-4257	1	0	changed	AI(2did-whitelist-flow) 20260908	L23	customer-specific	ATK：ART/GPIB 開批先清掉上一批的 2DID 白名單（真正下載延到按 Start）	V906 尚未更新（沒有 913 新行） @forms/fSCKART.cpp	0.00		no			St02-E
Barcode2SetupData.cpp	TfrmBarcode2SetupData::TfrmBarcode2SetupData (TComponent* Owner)		19-22	4	0	added_in_913		L24	customer-specific	新增條碼對照工作檔維護畫面（利揚）	V906 沒有這個函式			n/a			helper
Barcode2SetupData.cpp	TfrmBarcode2SetupData::GetMapFilePath ()		24-33	10	0	added_in_913	AI(KenHsieh) 20260819	L24	customer-specific	對照資料存在 D:/HT9045_Log/Barcode2Setupdata/Data.txt，資料夾不存在先建立（利揚）	V906 沒有這個函式			n/a			helper
Barcode2SetupData.cpp	TfrmBarcode2SetupData::GetBarcodeTxtPath ()		35-46	12	0	added_in_913	AI(KenHsieh) 20260819	L28,L30	customer-specific	Barcode.txt 路徑取 N06 條碼檔路徑設定，空白時用 D:/Barcode（利揚）	V906 沒有這個函式			n/a			helper
Barcode2SetupData.cpp	TfrmBarcode2SetupData::fGetSetupFileByBarcode (AnsiString asBarcode)		48-70	23	0	added_in_913	AI(KenHsieh) 20260819	L24,L25	customer-specific	以「條碼=工作檔名」對照表查出工作檔名，查無回空字串（利揚）	V906 沒有這個函式			n/a			helper
Barcode2SetupData.cpp	TfrmBarcode2SetupData::fWriteSetupFileToBarcodeTxt (AnsiString asSetupFile)		72-91	20	0	added_in_913	AI(KenHsieh) 20260819	L28	customer-specific	下載完成後把工作檔名回寫到 Barcode.txt 第 2 行（利揚）	V906 沒有這個函式			n/a			helper
Barcode2SetupData.cpp	TfrmBarcode2SetupData::fCheckInitDownloadByBarcode ()		93-131	39	0	added_in_913	AI(KenHsieh) 20260819	L27,L28	customer-specific	Initial Start 前讀 Barcode.txt 第 1 行工單條碼查表，交 FTP 畫面下載工作檔，回傳 1~5 結果碼（利揚）	V906 沒有這個函式			n/a			helper
Barcode2SetupData.cpp	TfrmBarcode2SetupData::FormShow (TObject *Sender)		133-144	12	0	added_in_913	AI(KenHsieh) 20260819 | AI(KenHsieh) 20260903	L24	customer-specific	維護畫面開啟時帶入目前所有工作檔清單（利揚）	V906 尚未更新（沒有 913 新行） @ATC/ATCInterface.cpp BarcodeReader.cpp DynamicTemp.cpp	0.00		n/a			helper
Barcode2SetupData.cpp	TfrmBarcode2SetupData::cbSetupDataClick (TObject *Sender)		146-167	22	0	added_in_913	AI(KenHsieh) 20260819	L24	customer-specific	選工作檔後列出已綁定的條碼（利揚）	V906 沒有這個函式			n/a			helper
Barcode2SetupData.cpp	TfrmBarcode2SetupData::btnAddClick (TObject *Sender)		169-204	36	0	added_in_913	AI(KenHsieh) 20260819	L24	customer-specific	新增一筆條碼對應工作檔，同一條碼已存在則不動作（利揚）	V906 沒有這個函式			n/a			helper
Barcode2SetupData.cpp	TfrmBarcode2SetupData::btnDeleteClick (TObject *Sender)		206-245	40	0	added_in_913	AI(KenHsieh) 20260819	L24	customer-specific	刪除勾選的第一筆條碼，一次一筆（利揚）	V906 沒有這個函式			n/a			helper
Barcode2SetupData.cpp	TfrmBarcode2SetupData::btnDeleteAllClick (TObject *Sender)		247-256	10	0	added_in_913	AI(KenHsieh) 20260819	L24	customer-specific	全部清除：直接刪掉對照檔（利揚）	V906 沒有這個函式			n/a			helper
Barcode2SetupData.cpp	TfrmBarcode2SetupData::btnCloseClick (TObject *Sender)		258-261	4	0	added_in_913		L24	customer-specific	關閉維護畫面（利揚）	V906 沒有這個函式			n/a			helper
Barcode2SetupData.cpp	<file scope>			30	0	changed	AI(KenHsieh) 20260819	L24	customer-specific	新檔案：引用標頭與表單全域指標（利揚）	（檔案層，不判讀）			n/a			helper
Barcode2SetupData.h	<file scope>			45	0	changed	AI(KenHsieh) 20260819	L24	customer-specific	新表單（利揚條碼對照工作檔）的類別宣告	（檔案層，不判讀）			n/a			St02-E
bthermo.cpp	ConvertGetTempOffset (int Addr, double T)	403-764	403-788	30	6	changed	JerryYang 20230307 | AI(ht9045-heater-control) 20260911	L09	customer-specific	偉測：常溫模式也套用溫度校正值，基準改用環境溫度（固定 DUT 溫度的通道保留原基準）；蘇州矽品原本的例外照舊	V906 尚未更新（還是舊寫法） @bthermo.cpp	0.09	1.00	no			St02-E
cConfiguration.cpp	TfConfiguration::InitConfigEdtList_ItemA ()	388-1005	388-1013	8	0	changed	RogerYang 20260916	L21	customer-specific	升版時若只有舊 [A76] 設定，自動把值搬到 [A77]，避免 RMS 互鎖無聲關閉（HANA）	V906 尚未更新（沒有 913 新行） @cConfiguration.cpp	0.00		no			helper
cConfiguration.cpp	TfConfiguration::InitConfigEdtList_ItemC ()	1065-1310	1073-1323	5	0	changed	JerryYang 20260910	L10	new-feature	新增 [C25]「Floodgate 只依 ATC 是否啟用決定關閉」設定，只在有 Shuttle Floodgate 機構時顯示	V906 尚未更新（沒有 913 新行） @cConfiguration.cpp	0.00		no			helper
cConfiguration.cpp	TfConfiguration::InitConfigEdtList_ItemN ()	3259-4020	3272-4042	12	3	changed	Steven 20250327 | KenHsieh 20260904 | AI(2did-whitelist-flow) 20260908	L23,L34	customer-specific	N06「FTP File Name」只有力成顯示（其他固定 UnKnown）；ATK 可看到 N23 白名單來源路徑分頁；另利揚隱藏並固定關閉「OS 測試機工作檔上傳」（此項 log 未提）	部分相符（要人工看） @cConfiguration.cpp	0.25	1.00	no		CC_AMKOR_Korea CC_LEADYO CC_PTI CC_SJ_Semiconductor CUSTOMER_CODE	helper
cConfiguration.cpp	TfConfiguration::FormShow (TObject *Sender)	4614-5469	4636-5526	35	0	changed	AI(KenHsieh) 20260819 | AI(ht9045-config) 20261005	L30,L41	bugfix	N06 三個利揚設定（InitStart 必須下載、條碼換工作檔、條碼檔路徑）只對利揚顯示；補齊 17 個分頁／面板的權限鎖定（HANA 反映）	V906 尚未更新（沒有 913 新行） @ATC/ATCInterface.cpp BarcodeReader.cpp DynamicTemp.cpp	0.03		no		CC_LEADYO CUSTOMER_CODE	helper
cConfiguration.cpp	TfConfiguration::CheckConfigurationBeforeSave ()	7313-7712	7370-7775	6	0	changed	AI(KenHsieh) 20260819	L30	customer-specific	存檔時保存利揚三個 N06 新設定（利揚）	V906 沒有這個函式			no		CC_LEADYO CUSTOMER_CODE	helper
cConfiguration.h	<file scope>			5	0	changed		L10,L30	new-feature	設定畫面新元件：[C25] 勾選、利揚 N06 三個設定	（檔案層，不判讀）			no			St02-E
cMyDB.cpp	MyDBUpdateDB ()	1812-2067	1812-2068	2	1	changed	AI(ht9045-index-flow) 20260909 | AI(ht9045-staterecord-analysis) 20260922	L04,UNLOGGED	bugfix	新增警報碼 WAR0497（Shuttle 檢查旗標被死結守門自動清除）；【沒寫進 log】WAR0496（Shuttle 被 Index 拉偏）的警報碼登錄被註解掉（912 改用 JerryYang 0717 的提示訊息流程）	V906 尚未更新（還是舊寫法） @cMyDB.cpp	0.00	1.00	no			St02-E
cmydef.cpp	<file scope>			1	0	changed	JerryYang 20260917	L07	new-feature	新全域變數：測試中遠端變溫次數	（檔案層，不判讀）			yes			St02-E
cmydef.h	<file scope>			1	0	changed	JerryYang 20260917	L07	new-feature	宣告測試中遠端變溫次數	（檔案層，不判讀）			yes			St02-E
cOffSet.cpp	TfOffSet::SaveSetupFile (AnsiString szDir, AnsiString szFilePath, int iSelPartData, int SpecialMode, bool bReset)	1470-1819	1470-1825	11	5	changed	AI(ht9045-config) 20260923	L41	bugfix	存 Offset：單支吸嘴的 X/Y offset 不再被 [E33]（共用 Z）白名單擋掉，與畫面顯示條件一致	V906 尚未更新（沒有 913 新行） @VacuumUnit/VacuumUnit.cpp forms/fLd_ULd.cpp forms/fTesterIF.cpp	0.00	0.00	no			St02-E
Command.cpp	GetNNHeadBySite (int iArm, int iSite, int iColCount, int iHeadSplitCol)		97-153	57	0	added_in_913		L08	bugfix	新增：NN mode（2x2N/2x3N/2x4N）由 site 找對應加熱頭；原本三個分支都回初值 0，遠端溫度 Offset（N31 FTP／SECS／GPIB）在 NN mode 全部沒寫入	V906 沒有這個函式			n/a			St02-E
Command.cpp	TfMain::RefreshTempData (bool bTransfer, int iArm, int iSite)	87-934	155-981	16	37	changed	RogerYand 20251105 | AI(ht9045-auto-temp-offset) 20260909 | AI(ht9045-heater-control) 20260911 | KevinCheng 20260330	L08,UNLOGGED	bugfix	NN mode 改用 GetNNHeadBySite 找加熱頭（L08）；【沒寫進 log】偉測 L17 開啟時關 site 也上拋溫度給測試機，由 2X4 擴到所有模式（RogerYang 0911）；`&` 改 `&&`	V906 尚未更新（還是舊寫法） @Command.cpp	0.14	1.00	no			St02-E
Command.cpp	TfMain::WriteSetTestTempStatus ()	1652-1765	1699-1814	2	0	changed	JerryYang 20260917	L07	new-feature	測試中遠端變溫時累計變溫次數（給「第 1 次用第一組、之後用第二組」的預先補償用；JerryYang 0917）	V906 尚未更新（沒有 913 新行） @Command.cpp	0.00		no			St02-E
Command.cpp	<file scope>			11	0	changed	AI(ht9045-auto-temp-offset) 20260909	L08	bugfix	GetNNHeadBySite 的說明註解	（檔案層，不判讀）			no			St02-E
Config.h	<file scope>			5	0	changed	JerryYang 20260910 | AI(KenHsieh) 20260819 | RogerYang 20260916	L10,L30,L33	new-feature	新設定欄位：[C25] Floodgate 只看 ATC、利揚 N06 三個設定、偉測 FT/RT Bin 檢查開關	（檔案層，不判讀）			no			St02-E
CosFunction.cpp	FUNC_CC_LEADYO ()	3299-3309	3299-3311	2	0	changed	AI(KenHsieh) 20260904	L31	customer-specific	利揚：預設開啟 FTP 功能，測試中溫度超標時正在測的 IC 放 Error Bin	V906 尚未更新（沒有 913 新行） @CosFunction.cpp	0.00		no			St02-E
cprod.cpp	ProcessLastSetIni_RMS (bool bRead)	2085-2259	2085-2268	10	1	changed	RogerYang 20260916	L33	customer-specific	偉測：FT/RT Bin 檢查改成可用開關（上海廠固定開啟，其他依 ini 設定）	部分相符（要人工看） @cprod.cpp	0.25	1.00	no		CC_VTEST_Shanghai CUSTOMER_CODE	St02-E
cprod.cpp	ProcessLastSetIni_FTP (bool bRead)	2261-2377	2270-2391	5	0	changed	AI(KenHsieh) 20260819	L30	customer-specific	利揚 N06 三個新設定的讀寫：InitStart 必須下載、條碼換工作檔、條碼檔路徑（預設 D:\Barcode）	V906 尚未更新（沒有 913 新行） @cprod.cpp	0.00		no			St02-E
cprod.h	<file scope>			4	1	changed	kevin 20160312 | Steven 20141119 | JerryYang 20221005 | JerryYang 20260917	L07	new-feature	溫度 offset 表由 19 列加到 23 列，並新增 ATC 第二組預先補償三個陣列（JerryYang 0917；Temperature 不是整塊二進位存檔，相容無虞）；V912 main 也改過 cprod.h，合併時要對	（檔案層，不判讀）			yes			St02-E
csystem.cpp	DoAvoidIndexMotorFallDown ()	1540-1544	1541-1560	17	2	changed	AI(ht9045-staterecord-analysis) 20260914	L39	bugfix	初始化完成前不做 Index 防掉落檢查，並包 try/catch 只記一次例外（避免開機時每拍 AV 灌爆 EventLog）；RogerYang 0914	部分相符（要人工看） @csystem.cpp	0.25	1.00	no			St02-E
csystem.cpp	DoInitialStart ()	6255-6889	6271-6915	10	0	changed	AI(KenHsieh) 20260819	L27,L28,L30	customer-specific	利揚：N06 開啟「InitStart 必須下載」且 FTP 開啟時，Initial Start 要先下載工作檔；條件不成立時清旗標	V906 尚未更新（沒有 913 新行） @csystem.cpp	0.00		no		CC_LEADYO CUSTOMER_CODE	St02-E
csystem.cpp	ATKFixFullAbort (AnsiString sWhy)	7771-7801	7797-7834	7	0	changed	AI(ht9045-atk-amr-flow) 20260915	L17	customer-specific	ATK AMR：Fix-Full 放棄時還原 OutArm X/Y 可移動與 TrayArm 授權（log 只寫了逾時改算法，這段「Fix-1 還原」沒寫進 log）	V906 沒有這個函式			no			St02-E
csystem.cpp	DoATKFixFullSwap ()	7803-8020	7836-8072	41	22	changed	AI(ht9045-atk-amr-flow) 20260915 | AI(ht9045-atk-amr-flow) 20260823	L17,L15	customer-specific	ATK AMR：Fix-Full 逾時改成累計「生產中秒數」600 秒；放盤時授權 TrayArm、離開時還原 OutArm；退盤 log 加各軌 BinCT；bundle 退掉時盤數計數歸零	V906 沒有這個函式			no			St02-E
csystem.cpp	DoTrayFeed ()	8022-8934	8074-8988	4	2	changed	AI(ht9045-catchtray-flow) 20260914	L19	customer-specific	JSCC：Tray Feed 路徑收 Color／Empty 盤前也先看 TrayArm 是否正在夾盤（同 DoAutoColor/DoAutoEmpty 的暫緩判斷）	部分相符（要人工看） @csystem.cpp	0.50	1.00	no			St02-E
csystem.cpp	DoInitialICCheck ()	8974-9334	9028-9393	5	0	changed	AI(ht9045-staterecord-analysis) 20260922	L04	bugfix	Shuttle 檢查旗標重新上膛時寫診斷 log（Pattern #31，只在診斷開關開時）	V906 尚未更新（沒有 913 新行） @csystem.cpp	0.00		no			St02-E
csystem.cpp	DoHomeProcess ()	10874-11049	10933-11177	71	2	changed	Sam 20220209 | AI(ht9045-staterecord-analysis) 20260908 | JerryYang 20261006 | Dell 20111130	L02,L10,UNLOGGED	bugfix	HOME：Shuttle 有取料錯誤旗標也要求先拿走料（case 306 無聲卡死）；HOME 完成關 Floodgate（JerryYang 1006）；【沒寫進 log、也沒有作者註記】Tray End 後 Index 臂上還有 IC 就列出吸嘴、要求拿走並重跑 HOME	V906 尚未更新（還是舊寫法） @csystem.cpp	0.00	1.00	no	LOW: 913 csystem.cpp:11241/:11271 `sData.sprintf("... %s.", sErrPart)` 把 AnsiString 物件直接塞進 %s（沒有 .c_str()），BCB 實務上能跑但屬未定義行為；且 ShowMyMessageBox_YES_NO 的回答沒被使用、整段沒有作者／日期註記		St02-E
csystem.cpp	DoTrayFeedProcess ()	11054-12318	11182-12448	2	0	changed	JerryYang 20261006 | AI(ht9045-atk-amr-flow) 20261005	L10,L15	new-feature	Tray Feed 完成時關 Floodgate（JerryYang 1006）；ATK：TrayFeed 完成時補送各 port 的 CEID 220~222	V906 尚未更新（沒有 913 新行） @csystem.cpp	0.00		no			St02-E
csystem.cpp	CheckContinusStartIsReady ()	12322-13043	12452-13199	26	0	changed	AI(KenHsieh) 20260819	L27,L28,L29	customer-specific	利揚：Initial Start 前依條碼查表下載工作檔；權限不足擋下；不論成功失敗都中止這次 Start、要再按一次	V906 尚未更新（沒有 913 新行） @csystem.cpp	0.00		no		CC_LEADYO CUSTOMER_CODE	St02-E
csystem.cpp	HeaterDoorIsOpen ()	17339-17415	17495-17572	17	16	changed	RogerYang 20260916	UNLOGGED	refactor-or-cosmetic	拿掉加熱門 5 秒延遲（RogerYang 0916：這段零作用，只會汙染共用的 DoorDelay）；V912 main 已同步同一改動（AI(ht9045-v912) 0916）	V906 尚未更新（還是舊寫法） @csystem.cpp		1.00	yes			St02-E
csystem.cpp	MainProc ()	17520-20082	17677-20263	24	0	changed	AI(ht9045-staterecord-analysis) 20260914	UNLOGGED	refactor-or-cosmetic	只加診斷 log：AutoClean Initial 被觸發時記一行（500ms 節流），用來查是否重複 Initial	V906 尚未更新（沒有 913 新行） @csystem.cpp	0.00		no			St02-E
csystem.cpp	<file scope>			1	0	changed	AI(KenHsieh) 20260819	L24	customer-specific	include Barcode2SetupData.h（利揚條碼對照）	（檔案層，不判讀）			no			St02-E
fAOI.cpp	DoMoveXY_ScannerAOI (int &iRow, int &iCol)	1804-1976	1804-1984	23	15	changed	Ifor 20260814 | AI(ht9045-outarm-flow) 20260909	L35	bugfix	AOI 拍照 X 位置：只在 pitch 被夾過時改用夾後的吸嘴間距（偉測 HHT-532：原本第二顆短 50mm）；沒被夾的機台落點不變，被夾的機台要重新 teach M_ScannerAOI_X	V906 沒有這個函式			no			St02-E
HS_Function.cpp	TFormHS::TESTTEMPSETTING (int iTemp)	4949-5015	4949-5016	1	0	changed	JerryYang 20260917	L07	new-feature	HS 介面測試中變溫時累計變溫次數	V906 沒有這個函式			no			St02-E
HS_Function.cpp	TFormHS::CheckKeyPro (bool bStart)	5018-5074	5019-5093	19	1	changed	AI(ht9045-rs232-comm) 20260908	L40	bugfix	KeyPro 讀取失敗：秒回的失敗（疑似 COM 埠被佔用）5 秒後重驗，連續 3 次才停機；每次失敗都留 log；讀取超過 3 秒（卡片沒回應）照舊立即處理	V906 尚未更新（還是舊寫法） @forms/fHS.cpp	0.00	1.00	no			St02-E
HT9045.cpp	WinMain (HINSTANCE, HINSTANCE, LPSTR, int)	128-300	129-302	1	0	changed		L24	customer-specific	開機建立利揚「條碼對照工作檔」表單	V906 沒有這個函式			no	HIGH: 913 HT9045.cpp:122（USEFORM）／:284（CreateForm）與 HT9045.bpr:154/193/602 都引用 Barcode2SetupData，但 SVN r913 沒有 svn add Barcode2SetupData.cpp/.h/.dfm（svn info：non-existent in revision 913）⇒ 從 SVN r913 乾淨取出的碼編不過；git 的 ht9045_913 有這三支（St02-M 已用 svn 驗證並轉筆電）		St02-E
HT9045.cpp	<file scope>			1	0	changed		L24	customer-specific	USEFORM Barcode2SetupData	（檔案層，不判讀）			no			St02-E
iosetview.cpp	Tfiosetview::FormClose (TObject *Sender, TCloseAction &Action)	290-308	290-332	27	3	changed	AI(ht9045-io-control) 20260914 | Jimmychiu 20230804 | AI(ht9045-io-control) 20260915 | Steven 20111101	L38	bugfix	IO 畫面關閉時 ADAM 重連與 Index 重置各包例外保護並留 log（原本一丟例外視窗就關不掉）	V906 尚未更新（沒有 913 新行） @ATC/ATCInterface.cpp BarcodeReader.cpp HandlerSys.cpp	0.00	0.00	no			St02-E
KYECFTP/FTPClient.cpp	TfFTPClient::plSLoadClick (TObject *Sender)	862-1117	862-1119	4	2	changed	KaiChen 20181129 | AI(KenHsieh) 20260819	L26	customer-specific	利揚：允許「條碼控制」觸發下載；比照京元，機內有料且工作檔不同時擋下	V906 沒有這個函式			no		CC_KYEC_LEE CC_LEADYO CUSTOMER_CODE	St02-E
KYECFTP/FTPClient.cpp	TfFTPClient::ShowFTPModal (int HD)	1230-1588	1232-1616	26	0	changed	AI(KenHsieh) 20260819	L26,L25	customer-specific	利揚：條碼控制時不開視窗，在伺服器清單找到條碼對應的工作檔就直接下載，找不到回錯誤碼 2	V906 尚未更新（沒有 913 新行） @KYECFTP/FTPClientForm_St02.cpp	0.00		no		CC_LEADYO CUSTOMER_CODE	St02-E
KYECFTP/FTPClient.cpp	TfFTPClient::FormShow (TObject *Sender)	1723-1812	1751-1842	2	0	changed	AI(KenHsieh) 20260819	L26	customer-specific	利揚：條碼控制旗標與錯誤碼初始化	V906 尚未更新（沒有 913 新行） @ATC/ATCInterface.cpp BarcodeReader.cpp DynamicTemp.cpp	0.00		no			St02-E
KYECFTP/FTPClient.h	<file scope>			3	0	changed	AI(KenHsieh) 20260819	L26	customer-specific	條碼控制下載的三個成員	（檔案層，不判讀）			no			St02-E
MachineType.h	<file scope>			1	1	changed		UNLOGGED	refactor-or-cosmetic	【建置設定】公司版 912 的 MachineType.h 開著 `#define SOFT_SIMULTE`（模擬版），913 註解掉＝真機版；V912 main 早就改成註解（同樣結果）	（檔案層，不判讀）			yes			St02-E
main.cpp	TfMain::Start (AnsiString Func, bool bFromHostLotStart)	4520-6517	4520-6547	32	2	changed	AI(2did-whitelist-flow) 20260908 | Steven 20250811 | JerryYang 20230322 | RogerYang 20260916	L23,L21	customer-specific	ATK：ART/GPIB 開批改在按 Start 時才下載 2DID 白名單，白名單 0 筆就擋、ART 開批免選 run mode；HANA：RMS 連不上就不讓開始（V912 main 也改過 Start，合併時要對）	V906 尚未更新（沒有 913 新行） @EtherCAT/MyEtherCAT.cpp EventLogAnalysis/ElaHub.cpp FastClockWbServe.cpp	0.00	0.00	yes		CC_AMKOR_Korea CC_HANA_MICRON CUSTOMER_CODE	St02-E
main.cpp	TfMain::SaveTaskList (AnsiString NewPath)	6662-7061	6692-7188	97	0	changed	AI(ht9045-staterecord-analysis) 20260922 | AI(ht9045-staterecord-analysis) 20260914 | AI(ht9045-atk-amr-flow) 20260915	L42,L04	new-feature	State Record 多記：Shuttle 檢查旗標、Index Z 狀態（Pattern #31）、In/Out Shuttle 與 TestSocket 料況、ATK Fix-Full 狀態	V906 尚未更新（沒有 913 新行） @cStateRecord.cpp	0.00		no			St02-E
main.cpp	TfMain::SaveDecisionVariables (AnsiString NewPath)	7069-7360	7196-7528	41	0	changed	AI(ht9045-asm-flow) 20260914	L42,L03	new-feature	State Record 多記 ASM（熱盤自動站點對應）派工游標與已派工表，用來追「重啟跳過第一站」	V906 尚未更新（沒有 913 新行） @cStateRecord.cpp	0.00		yes			St02-E
main.cpp	TfMain::FormShow (TObject *Sender)	9546-11827	9714-11997	2	0	changed	AI(ht9045-atk-amr-flow) 20260915	L42	new-feature	State Record 的 Task 時序表多兩格：ATK Fix-Full 狀態與軌道	V906 尚未更新（沒有 913 新行） @ATC/ATCInterface.cpp BarcodeReader.cpp DynamicTemp.cpp	0.00		no			St02-E
main.cpp	TfMain::DoStateRecord (int iShowAlarm, bool bManual)	27119-27536	27289-27728	22	0	changed	AI(ht9045-staterecord-analysis) 20260922	L42	new-feature	State Record 多存 MachineMaterial.txt：機台判定「機內有沒有料」的明細（偉測 HHT-17：目視沒料但機台說有料）	V906 尚未更新（沒有 913 新行） @forms/fMain.cpp	0.00		yes			St02-E
main.cpp	TfMain::ReStartAutoSiteMapping (bool bStart)	29064-29152	29256-29388	46	2	changed	AI(ht9045-inarm-flow) 20260914 | AI(ht9045-asm-flow) 20260914 | ASMTrace 20260914	L03	bugfix	ASM 熱盤借料：One Cycle 打斷借料時不清暫停帳；重設時抵銷那次「沒真的去」的派工，避免下一輪跳過第一站（偉測 HHT-83）	V906 尚未更新（沒有 913 新行） @forms/fMain.cpp	0.00	0.00	no			St02-E
Mes/fVATMesFileSys.cpp	TfMesSystem::buttonSaveClick (TObject *Sender)	166-210	166-220	10	0	changed	RogerYang 20260916	L33	customer-specific	偉測 MES 設定新增「FT/RT Bin 分開檢查」開關並存檔；上海廠固定開啟（偉測）	V906 沒有這個函式			no		CC_VTEST_Shanghai CUSTOMER_CODE	helper
Mes/fVATMesFileSys.cpp	TfMesSystem::FormShow (TObject *Sender)	212-246	222-267	11	0	changed	RogerYang 20260916	L33	customer-specific	MES 設定畫面顯示 FT/RT Bin 檢查開關，上海廠隱藏且固定勾選（偉測）	V906 尚未更新（沒有 913 新行） @ATC/ATCInterface.cpp BarcodeReader.cpp DynamicTemp.cpp	0.00		no		CC_VTEST_Shanghai CUSTOMER_CODE	helper
Mes/fVATMesFileSys.cpp	TfMesSystem::CheckLotInfor ()	1041-1642	1062-1684	25	4	changed	RogerYang 20260916	L33	customer-specific	開批 Bin 檢查改由開關決定是否 FT/RT 分開比對，並對 MES 傳來的 Bin 號加越界保護（偉測）	V906 尚未更新（沒有 913 新行） @forms/fMesSystem.cpp	0.00	0.00	no	LOW: 越界保護只加在 1264/1297/1331 三處；同函式 1348、1357 行的 Pass/Fail Bin 比對仍直接把 MES 字串 atoi 後當 iCatDataT3Pos 索引（再 -1 當 iStackDefFailCate 索引），log 說的越界保護沒涵蓋這兩處（未改動，原碼）	CC_VTEST_Shanghai CUSTOMER_CODE	helper
Mes/fVATMesFileSys.h	<file scope>			1	0	changed		L33	customer-specific	偉測 MES 畫面新增 FT/RT Bin 檢查勾選	（檔案層，不判讀）			no			St02-E
mykitsuck.cpp	TMyKitSuck::CopyToTray (int iSuckR, int iSuckC, int iSuckData, class TTrayMotor &Mot, int TrayR, int TrayC, int iTrayData, int iTarget)	1632-1679	1633-1690	14	4	changed	AI(ht9045-inarm-flow) 20260914	L03	bugfix	ASM 熱盤還料：還料的 Shuttle／Kit／熱計數改從「借料當下那支吸嘴」讀（原本讀全域游標，游標被歸零後全讀成 0；偉測 HHT-83）	V906 尚未更新（還是舊寫法） @aHotPlateSubstrate.cpp mykitsuck.cpp	0.00	1.00	no			St02-E
mykitsuck.cpp	<file scope>			1	0	changed	AI(ht9045-inarm-flow) 20260914	L03	bugfix	include ainarm2.h（取 InArmSiteMapData）	（檔案層，不判讀）			no			St02-E
mymessbox.cpp	TSecsAlarmForm::TSecsAlarmForm (TComponent* Owner)	1407-1451	1407-1452	3	2	changed	AI(ht9045-secs-sem) 20260923	L12	bugfix	SECS 警報視窗拿掉 X 鈕、擋關閉，並取消「永遠最上層」（避免蓋住密碼視窗）	V906 沒有這個函式			no			St02-E
mymessbox.cpp	TSecsAlarmForm::DoReleaseAndHide ()	1509-1551	1510-1553	1	0	changed	AI(ht9045-secs-sem) 20260923	L12	bugfix	SECS 警報視窗解除時寫一行 log（事後分得出是按 OK 還是被繞過）	V906 沒有這個函式			no			St02-E
mymessbox.cpp	TSecsAlarmForm::FormCloseQuery (TObject *Sender, bool &CanClose)		1560-1563	4	0	added_in_913	AI(ht9045-secs-sem) 20260923	L12	bugfix	新增：一律拒絕關閉（擋 Alt+F4／系統選單），只能按 OK 解除	V906 尚未更新（沒有 913 新行） @KYECFTP/FTPClientForm_St02.cpp	0.00		n/a			St02-E
mymessbox.cpp	ShowSecsAlarmMessage (AnsiString S1, AnsiString S2)	1558-1617	1565-1630	7	1	changed	AI(ht9045-secs-sem) 20260923	UNLOGGED	refactor-or-cosmetic	SECS 警報視窗連續同一句不重複堆疊，最多留 200 行	V906 沒有這個函式			no			St02-E
mymessbox.cpp	<file scope>			1	0	changed		UNLOGGED	refactor-or-cosmetic	多一條分隔註解線	（檔案層，不判讀）			no			St02-E
mymessbox.h	<file scope>			1	0	changed	AI(ht9045-secs-sem) 20260923	L12	bugfix	宣告 FormCloseQuery	（檔案層，不判讀）			no			St02-E
MyTempPanel.cpp	TMyTempPanel::TMyTempPanel (AnsiString Alias, int iTag)	20-350	20-455	105	0	changed	JerryYang 20260917 | JerryYang 20260918	L07	new-feature	每個溫度通道面板新增第二組預補值／秒數／補後值三格，並把第一組三格實際放上畫面（預設隱藏）	V906 尚未更新（沒有 913 新行） @MyTempPanel.cpp	0.00		no			helper
MyTempPanel.cpp	TMyTempPanel::~TMyTempPanel ()	352-387	457-497	5	0	changed	JerryYang 20260917	L07	new-feature	釋放第二組預先補償欄位	V906 尚未更新（沒有 913 新行） @MyTempPanel.cpp	0.00		no			helper
MyTempPanel.h	<file scope>			4	0	changed	JerryYang 20260917	L07	new-feature	溫度面板第二組預先補償三個輸入欄	（檔案層，不判讀）			no			St02-E
note.cpp	DoCheckTemperatureDuringIndexTesting (AnsiString asJamCode)	448-540	448-545	6	1	changed	AI(ht9045-index-flow) 20260921	L11	bugfix	I54 溫度檢查：`&&` 改 `||`（原本 I54 關閉時仍會 latch）；IC 沒在測試中（暫停／Contact Test／待機）不 latch，避免下一次下壓把好料判 Error Bin	V906 沒有這個函式			no			St02-E
rs232.cpp	TCOM2::RS232Init ()	150-694	150-694	1	1	changed	AI(ht9045-rs232-comm) 20260914	UNLOGGED	refactor-or-cosmetic	Fix_AI_CCD=0（不需要開 Vision light 埠）時不再報「開埠失敗」的誤導訊息	V906 尚未更新（沒有 913 新行） @rs232.cpp	0.00	0.00	no			St02-E
SECSGEM/uHGemEquipment.cpp	THGem::SendLocalData ()	1985-2107	1985-2111	4	0	changed	AI(ht9045-secs-sem) 20260922	UNLOGGED	refactor-or-cosmetic	只加 log：SECS 伺服器同時有多條連線時（訊息其實沒送出）記一行「NOT SENT」，避免被誤判已送	V906 尚未更新（沒有 913 新行） @SECSGEM/SecsWireCodec.cpp SECSGEM/uHGemEquipment.cpp	0.00		no			St02-E
SECSGEM/uHGemEquipment.cpp	THGem::Timer1Timer (TObject *Sender)	5214-5588	5218-5597	5	0	changed	AI(ht9045-secs-sem) 20260922	UNLOGGED	refactor-or-cosmetic	只加 log：偵測到多條連線、要關掉重開監聽時寫一筆 Exception（5 處）	V906 尚未更新（沒有 913 新行） @BinDisplay/BinDispBringUp_St02.cpp CCLink/MyCCLink.cpp DynamicTemp.cpp	0.00		no			St02-E
SECSGEM/uHGemEquipment.cpp	THGem::srvGemClientConnect (TObject *Sender, TCustomWinSocket *Socket)	6874-6899	6883-6910	3	1	changed	AI(ht9045-secs-sem) 20260922	UNLOGGED	refactor-or-cosmetic	只加 log：連線訊息多印對方的 IP 與 port	V906 尚未更新（沒有 913 新行） @SECSGEM/uHGemEquipment.cpp	0.00	0.00	no			St02-E
SECSGEM/uHGemHT9045.cpp	HT9045Gem::S14F4_Get2DID_BinCode ()	6386-6496	6386-6504	9	1	changed	AI(ht9045-vtest-secs) 20260922	L13	bugfix	機內有料或執行中時 S14F3 回 HCACK 2（原本 4），並真的回送 S14F4（原本算完就 return，主機只能等 T3 逾時）；同時補 delete 原本每次漏的 10MB（偉測 vtest-secs）	V906 尚未更新（沒有 913 新行） @SECSGEM/uHGemHT9045.cpp	0.00		no			St02-E
SECSGEM/UsecegemMainFrom.cpp	TFSECS::TimerSecsAlarmTimer (TObject *Sender)	1023-1104	1023-1110	6	0	changed	AI(ht9045-secs-sem) 20260923	UNLOGGED	bugfix	【沒寫進 log】MyMessageBox（強制回應）開著時不取 SECS 警報佇列，恢復 V3.33.910.0 的守門（RogerYang 0923）；V906 沒有翻 TFSECS（W-187 已記）	V906 沒有這個函式			no			St02-E
uhome.cpp	ProcessMotorHome (bool Flag2)	1260-4992	1260-5018	26	0	changed	AI(ht9045-inarm-flow) 20260914 | JerryYang 20260917	L03,L07	bugfix	HOME 時收掉進行中的 ASM 借料（釋放被佔的熱盤格、清旗標，否則永久佔一個 2x4 落點）；HOME 時把遠端變溫次數歸零	V906 尚未更新（沒有 913 新行） @uhome.cpp	0.00		no			St02-E
uLotInfo.cpp	TfLotInfo::FormShow (TObject *Sender)	318-1274	319-1288	13	0	changed	AI(KenHsieh) 20260819	L24,L25	customer-specific	Lot Info 開啟時，利揚且開 FTP 與條碼換工作檔才顯示掃工單條碼區與「條碼對照」按鈕（利揚）	V906 尚未更新（沒有 913 新行） @ATC/ATCInterface.cpp BarcodeReader.cpp DynamicTemp.cpp	0.00		no		CC_LEADYO CUSTOMER_CODE	helper
uLotInfo.cpp	TfLotInfo::SettsChipAdvVisible ()	1281-1301	1295-1316	2	1	changed	KenHsieh 20260819	L32	customer-specific	Lot Info 對利揚隱藏 ChipAdv 分頁（利揚）	V906 尚未更新（還是舊寫法） @forms/fLotInfo.cpp	0.00	1.00	no		CC_Greatek CC_LEADYO CUSTOMER_CODE	helper
uLotInfo.cpp	TfLotInfo::ShowNewATCThermo (double SetATCTemp, double iTempRange, double &OldSetATCTemp)	6462-7049	6478-7141	77	1	changed	JerryYang 20260917 | Ifor 20240612	L07	new-feature	測試中遠端變溫時依各 ATC 通道計時做預先補償，到時改套補償後 offset；該次測試第 1 次變溫用第一組、之後用第二組	V906 沒有這個函式			no	LOW: 6636-6654 行 for 迴圈內每個到時的通道各呼叫一次 SetATCOffset(true,true)，同一支 arm 的通道通常同時到時，會在同一輪重送多達 16 次整組 ATC offset；不確定 ATC 通訊是否承受得住，建議到時後只呼叫一次		helper
uLotInfo.cpp	TfLotInfo::Timer2Timer (TObject *Sender)	7051-7310	7143-7415	13	0	changed	AI(KenHsieh) 20260819	L24,L25	customer-specific	Lot Info 定時刷新時同步顯示／隱藏條碼換工作檔區塊（利揚）	V906 尚未更新（沒有 913 新行） @forms/fLotInfo.cpp	0.00		no		CC_LEADYO CUSTOMER_CODE	helper
uLotInfo.cpp	TfLotInfo::Clear2DIDAllowList ()		7609-7621	13	0	added_in_913	AI(2did-whitelist-flow) 20260908	L23	customer-specific	ART/GPIB 開批時只清掉記憶體中的 2DID 白名單，讓之後按 Start 時重新下載（ATK）	V906 沒有這個函式			n/a		CC_AMKOR_Korea CUSTOMER_CODE	helper
uLotInfo.cpp	TfLotInfo::Download2DIDAllowList ()		7625-7904	280	0	added_in_913	AI(2did-whitelist-flow) 20260908 | Steven 20250811 | JerryYang 20230322 | JerryYang 20241104	L23	customer-specific	2DID 白名單下載抽成共用函式；ATK 的 ART 開批免選 run mode、檔名須完全相同，並補兩處記憶體洩漏（ATK）	V906 沒有這個函式			n/a	LOW: 7762 行 SJSM 分支用 iPos 取 SubString，但 iPos 只在上面 QLE 分支才賦值，這裡永遠是 0；7755 行 QLE 分支也用到本函式內未設定的 sWhiteListProcess（皆為 912 原碼照搬，非本次引入）	CC_AMKOR_Korea CC_JCET CC_SJ_Semiconductor CUSTOMER_CODE	helper
uLotInfo.cpp	TfLotInfo::sbSECSLotStartClick (TObject *Sender)	7501-8545	7906-8693	2	259	changed	AI(2did-whitelist-flow) 20260908	L23	refactor-or-cosmetic	SECS 開批時的 2DID 白名單下載改呼叫共用函式，非 ATK 行為不變（為 ATK ART 開批共用）	V906 沒有這個函式			yes		CC_JCET CC_SJ_Semiconductor CUSTOMER_CODE	helper
uLotInfo.cpp	TfLotInfo::SetATCOffset (bool bFirstSetOffset, bool bOFSClose)	9548-10013	9696-10202	44	3	changed	JerryYang 20260917 | Ifor 20190215	L07	new-feature	預先補償啟用時，下壓那支 arm 的 ATC offset 改用預補值／補後值（第一組或第二組），並跳過三點校正等待	V906 沒有這個函式			no			helper
uLotInfo.cpp	TfLotInfo::AdjtsYieldMonitiorSize ()	13846-13954	14035-14152	10	1	changed	AI(KenHsieh) 20260819	L25	customer-specific	利揚開條碼換工作檔時 Lot Info 的 FTP 頁視窗加寬到 440（利揚）	V906 尚未更新（沒有 913 新行） @forms/fLotInfo.cpp	0.00	0.00	no		CC_LEADYO CUSTOMER_CODE	helper
uLotInfo.cpp	TfLotInfo::btnBarcode2SetupdataClick (TObject *Sender)		17141-17147	7	0	added_in_913	AI(KenHsieh) 20260819	L24	customer-specific	Lot Info 新按鈕，開啟條碼對照工作檔維護畫面（利揚）	V906 沒有這個函式			n/a		CC_LEADYO CUSTOMER_CODE	helper
uLotInfo.cpp	TfLotInfo::btnGetRecipeName_KingPakClick (TObject *Sender)		17149-17180	32	0	added_in_913	AI(KenHsieh) 20260819	L25,L26	customer-specific	掃工單條碼後查對照表，交給 FTP 畫面以條碼控制模式自動下載工作檔，失敗顯示 FTP DownLoad Fail（利揚）	V906 沒有這個函式			n/a		CC_LEADYO CUSTOMER_CODE	helper
uLotInfo.cpp	<file scope>			11	0	changed	AI(KenHsieh) 20260819 | JerryYang 20260917 | AI(2did-whitelist-flow) 20260908	L07,L23,L24	new-feature	新增 32 通道預先補償計時器、引用條碼對照畫面標頭、白名單流程說明註解	（檔案層，不判讀）			no			helper
uLotInfo.h	<file scope>			11	0	changed	AI(KenHsieh) 20260819 | AI(2did-whitelist-flow) 20260908	L25,L23,UNLOGGED	customer-specific	Lot Info 新元件：利揚條碼對照按鈕與條碼區（L25）；ATK 2DID 白名單下載抽成函式（L23）；【沒寫進 log】KingPak RunCard／取 Recipe 名稱的元件與按鈕	（檔案層，不判讀）			no			St02-E
uTemp_Set.cpp	TfTemp_Set::ReadTempFile (bool bUpdateAll)	1986-3180	1992-3204	18	0	changed	JerryYang 20260917	L07	new-feature	工作檔讀入每通道兩組預補值／預補秒數／補後值，及 ATC 主動冷卻時的「預先補償」開關	V906 尚未更新（沒有 913 新行） @uTemp_Set.cpp	0.00		no			helper
uTemp_Set.cpp	TfTemp_Set::DoIniDataToForm (bool bUpdateAll)	3182-3706	3206-3758	28	0	changed	JerryYang 20260917 | JerryYang 20260918	L07	new-feature	兩組預先補償數值依 ATC 硬體位置轉存，並填入每個通道的畫面欄位	V906 尚未更新（沒有 913 新行） @OmronLaser/LaserSensor.cpp ProductionInfo/uPAT_Function.cpp VacuumUnit/VacuumUnit.cpp	0.00		no			helper
uTemp_Set.cpp	TfTemp_Set::UpDateEdit ()	3708-4138	3760-4262	74	2	changed	JerryYang 20260917	L07	new-feature	勾選顯示預先補償時，ATC 通道改顯示兩組預補值／秒數／補後值欄位與表頭	V906 尚未更新（還是舊寫法） @uTemp_Set.cpp	0.00	1.00	no			helper
uTemp_Set.cpp	TfTemp_Set::spbSaveClick (TObject *Sender)	4238-4575	4362-4720	25	4	changed	JerryYang 20260917 | kevin 20140918	L07	new-feature	溫度補償存檔時，ATC 通道改寫入兩組預先補償欄位	部分相符（要人工看） @VacuumUnit/VacuumUnit.cpp cBinSel.cpp forms/fDIOFrom.cpp	0.22	1.00	no	MED: 4635-4658 行只要 bATCPreOffset 或 chkATCPreOffset 為真，ATC 通道就只寫預補欄位、不寫 Low/Mid/High/SHigh OffSet；但畫面是否顯示預補欄位還要看 cbPreOffset，未勾時（且開三點校正）Low/Mid/High 仍可見可改，按存檔卻不會寫入，修改會無聲遺失		helper
uTemp_Set.cpp	TfTemp_Set::SaveSetupFile (AnsiString szDir, AnsiString S)	4579-5146	4724-5308	17	0	changed	JerryYang 20260917	L07	new-feature	工作檔另存「預先補償」開關與 ATC 通道兩組預補值	V906 尚未更新（沒有 913 新行） @VacuumUnit/VacuumUnit.cpp forms/fLd_ULd.cpp forms/fTesterIF.cpp	0.00		no			helper
uTemp_Set.cpp	TfTemp_Set::pgcTempOffsetChange (TObject *Sender)	5197-5235	5359-5447	50	0	changed	JerryYang 20260917	L07	new-feature	切換溫度補償分頁時依設定顯示／隱藏預先補償欄位與表頭	V906 尚未更新（沒有 913 新行） @uTemp_Set.cpp	0.00		no			helper
uTemp_Set.cpp	TfTemp_Set::SaveRemoteTempOffset (int iArm, int iSite, double dOffset)	5907-6044	6119-6277	26	5	changed	AI(ht9045-auto-temp-offset) 20260922 | AI(ht9045-atc) 20260824 | AI(ht9045-auto-temp-offset) 20260918 | Jimmychiu 20241203	L08	bugfix	NN mode（2x2N/2x3N/2x4N）遠端溫度 offset 改回用通道標籤對應，不再查到錯的對照表；site 不在此 arm 改記 skip；log 補 Arm/Site 並修正 %d 印 double 的垃圾值	V906 尚未更新（還是舊寫法） @uTemp_Set.cpp	0.00	0.80	no			helper
uTemp_Set.cpp	TfTemp_Set::cbPreOffsetClick (TObject *Sender)		7279-7282	4	0	added_in_913	JerryYang 20260917	L07	new-feature	勾選「顯示預先補償」時刷新欄位	V906 沒有這個函式			n/a			helper
uTemp_Set.cpp	<file scope>			7	0	changed	JerryYang 20260917	L07	new-feature	新增預先補償 6 個 offset 索引常數（17~22）	（檔案層，不判讀）			yes			helper
uTemp_Set.h	<file scope>			15	0	changed	JerryYang 20260917	L07	new-feature	溫度設定畫面：預先補償第一／二組的列號常數與欄位、顯示預先補償勾選、ATC 測試中變溫使用預先補償（V912 main 也改過這支，合併時要對）	（檔案層，不判讀）			yes			St02-E
uYieldMonitoring.cpp	TfYieldMonitoring::FormShow (TObject *Sender)	2581-3090	2581-3094	10	6	changed	AI(rf360-yield-count) 20260916 | Jimmychiu 20230524 | Ifor 20171117	UNLOGGED	refactor-or-cosmetic	良率監控群組標題後綴改隨實際檢查方式顯示（by count／N sec／1min），原本一律寫 1min	V906 尚未更新（沒有 913 新行） @ATC/ATCInterface.cpp BarcodeReader.cpp DynamicTemp.cpp	0.00	0.00	no			helper
uYieldMonitoring.cpp	TfYieldMonitoring::CheckBySiteByArmYieldAlarm ()	4308-4565	4312-4571	6	4	changed	AI(rf360-yield-count) 20260916 | JimmyChiu 20220601	L36	customer-specific	修正 by-count 模式（高通 RF360）達不良品數時 By Site/Arm 良率檢查整段被跳過、完全沒作用	V906 尚未更新（沒有 913 新行） @uYieldMonitoring.cpp	0.00	0.00	no			helper
uYieldMonitoring.cpp	TfYieldMonitoring::CheckLowYieldAlarm ()	4567-5005	4573-5013	6	4	changed	AI(rf360-yield-count) 20260916 | JimmyChiu 20220601	L36	customer-specific	修正 by-count 模式（高通 RF360）Low Yield 檢查整段被跳過、完全沒作用	V906 尚未更新（沒有 913 新行） @uYieldMonitoring.cpp	0.00	0.00	no			helper
uYieldMonitoring.cpp	TfYieldMonitoring::CheckLowYieldAlarmByTotal ()	5007-5157	5015-5167	6	4	changed	AI(rf360-yield-count) 20260916 | JimmyChiu 20220601	L36	customer-specific	修正 by-count 模式（高通 RF360）Low Yield by Total 檢查整段被跳過、完全沒作用	V906 尚未更新（沒有 913 新行） @uYieldMonitoring.cpp	0.00	0.00	no			helper
uYieldMonitoring.cpp	TfYieldMonitoring::CheckIntervalLowYieldAlarmBySite ()	5545-5652	5555-5664	6	4	changed	AI(rf360-yield-count) 20260916 | JimmyChiu 20220601	L36	customer-specific	修正 by-count 模式（高通 RF360）Interval Low Yield by Site 檢查整段被跳過、完全沒作用	V906 尚未更新（沒有 913 新行） @uYieldMonitoring.cpp	0.00	0.00	no			helper
uYieldMonitoring.cpp	TfYieldMonitoring::CheckIntervalLowYieldAlarmByTotal ()	5687-5767	5699-5781	6	4	changed	AI(rf360-yield-count) 20260916 | JimmyChiu 20220601	L36	customer-specific	修正 by-count 模式（高通 RF360）Interval Low Yield by Total 檢查整段被跳過、完全沒作用	V906 尚未更新（沒有 913 新行） @uYieldMonitoring.cpp	0.00	0.00	no			helper
