family	tab/panel	element id	type	alias	class	table line	IOType	Lane	IP	Port	InType	ISABase	Enable	why
InArm 8-picker	tsSucker>tsInArmVacuum	ledInArmSuckA	TMyLedLane	InArmSuckA	LAMP-DEAD(disabled)	592	Sucker	1	32	128	1	3	0	row 592 Enable=0: ChanIoPoints.cpp:139 -> quality=disabled, isOn=null
InArm 8-picker	tsSucker>tsInArmVacuum	ledInArmSuckC	TMyLedLane	InArmSuckC	LAMP-DEAD(disabled)	591	Sucker	1	32	129	1	3	0	row 591 Enable=0: ChanIoPoints.cpp:139 -> quality=disabled, isOn=null
InArm 8-picker	tsSucker>tsInArmVacuum	ledInArmSuckE	TMyLedLane	InArmSuckE	LAMP-DEAD(disabled)	590	Sucker	1	32	130	1	3	0	row 590 Enable=0: ChanIoPoints.cpp:139 -> quality=disabled, isOn=null
InArm 8-picker	tsSucker>tsInArmVacuum	ledInArmSuckG	TMyLedLane	InArmSuckG	LAMP-DEAD(disabled)	589	Sucker	1	32	131	1	3	0	row 589 Enable=0: ChanIoPoints.cpp:139 -> quality=disabled, isOn=null
InArm 8-picker	tsSucker>tsInArmVacuum	ledInArmSuckH	TMyLedLane	InArmSuckH	LAMP-DEAD(disabled)	593	Sucker	1	32	135	1	3	0	row 593 Enable=0: ChanIoPoints.cpp:139 -> quality=disabled, isOn=null
InArm 8-picker	tsSucker>tsInArmVacuum	ledInArmSuckF	TMyLedLane	InArmSuckF	LAMP-DEAD(disabled)	594	Sucker	1	32	134	1	3	0	row 594 Enable=0: ChanIoPoints.cpp:139 -> quality=disabled, isOn=null
InArm 8-picker	tsSucker>tsInArmVacuum	ledInArmSuckD	TMyLedLane	InArmSuckD	LAMP-DEAD(disabled)	595	Sucker	1	32	133	1	3	0	row 595 Enable=0: ChanIoPoints.cpp:139 -> quality=disabled, isOn=null
InArm 8-picker	tsSucker>tsInArmVacuum	ledInArmSuckB	TMyLedLane	InArmSuckB	LAMP-DEAD(disabled)	596	Sucker	1	32	132	1	3	0	row 596 Enable=0: ChanIoPoints.cpp:139 -> quality=disabled, isOn=null
InArm 8-picker	tsSucker>tsInArmVacuum	bplInArmSuckG_Off	TBtnPanelLane	InArmSuckG_Off	REFUSED(Enable=0)	597	Sucker_Off	1	32	22	1	3	0	row 597 Enable=0; ht9045_io_do.js:99 (page greys + toast); C++ NOGUARD would allow but is never reached
InArm 8-picker	tsSucker>tsInArmVacuum	bplInArmSuckG_On	TBtnPanelLane	InArmSuckG_On	REFUSED(Enable=0)	598	Sucker_On	1	32	23	1	3	0	row 598 Enable=0; ht9045_io_do.js:99 (page greys + toast); C++ NOGUARD would allow but is never reached
InArm 8-picker	tsSucker>tsInArmVacuum	bplInArmSuckE_Off	TBtnPanelLane	InArmSuckE_Off	REFUSED(Enable=0)	599	Sucker_Off	1	32	20	1	3	0	row 599 Enable=0; ht9045_io_do.js:99 (page greys + toast); C++ NOGUARD would allow but is never reached
InArm 8-picker	tsSucker>tsInArmVacuum	bplInArmSuckE_On	TBtnPanelLane	InArmSuckE_On	REFUSED(Enable=0)	600	Sucker_On	1	32	21	1	3	0	row 600 Enable=0; ht9045_io_do.js:99 (page greys + toast); C++ NOGUARD would allow but is never reached
InArm 8-picker	tsSucker>tsInArmVacuum	bplInArmSuckC_Off	TBtnPanelLane	InArmSuckC_Off	REFUSED(Enable=0)	601	Sucker_Off	1	32	18	1	3	0	row 601 Enable=0; ht9045_io_do.js:99 (page greys + toast); C++ NOGUARD would allow but is never reached
InArm 8-picker	tsSucker>tsInArmVacuum	bplInArmSuckC_On	TBtnPanelLane	InArmSuckC_On	REFUSED(Enable=0)	602	Sucker_On	1	32	19	1	3	0	row 602 Enable=0; ht9045_io_do.js:99 (page greys + toast); C++ NOGUARD would allow but is never reached
InArm 8-picker	tsSucker>tsInArmVacuum	bplInArmSuckA_Off	TBtnPanelLane	InArmSuckA_Off	REFUSED(Enable=0)	603	Sucker_Off	1	32	16	1	3	0	row 603 Enable=0; ht9045_io_do.js:99 (page greys + toast); C++ NOGUARD would allow but is never reached
InArm 8-picker	tsSucker>tsInArmVacuum	bplInArmSuckA_On	TBtnPanelLane	InArmSuckA_On	REFUSED(Enable=0)	604	Sucker_On	1	32	17	1	3	0	row 604 Enable=0; ht9045_io_do.js:99 (page greys + toast); C++ NOGUARD would allow but is never reached
InArm 8-picker	tsSucker>tsInArmVacuum	bplInArmSuckB_On	TBtnPanelLane	InArmSuckB_On	REFUSED(Enable=0)	612	Sucker_On	1	32	25	1	3	0	row 612 Enable=0; ht9045_io_do.js:99 (page greys + toast); C++ NOGUARD would allow but is never reached
InArm 8-picker	tsSucker>tsInArmVacuum	bplInArmSuckB_Off	TBtnPanelLane	InArmSuckB_Off	REFUSED(Enable=0)	611	Sucker_Off	1	32	24	1	3	0	row 611 Enable=0; ht9045_io_do.js:99 (page greys + toast); C++ NOGUARD would allow but is never reached
InArm 8-picker	tsSucker>tsInArmVacuum	bplInArmSuckD_On	TBtnPanelLane	InArmSuckD_On	REFUSED(Enable=0)	610	Sucker_On	1	32	27	1	3	0	row 610 Enable=0; ht9045_io_do.js:99 (page greys + toast); C++ NOGUARD would allow but is never reached
InArm 8-picker	tsSucker>tsInArmVacuum	bplInArmSuckD_Off	TBtnPanelLane	InArmSuckD_Off	REFUSED(Enable=0)	609	Sucker_Off	1	32	26	1	3	0	row 609 Enable=0; ht9045_io_do.js:99 (page greys + toast); C++ NOGUARD would allow but is never reached
InArm 8-picker	tsSucker>tsInArmVacuum	bplInArmSuckF_On	TBtnPanelLane	InArmSuckF_On	REFUSED(Enable=0)	608	Sucker_On	1	32	29	1	3	0	row 608 Enable=0; ht9045_io_do.js:99 (page greys + toast); C++ NOGUARD would allow but is never reached
InArm 8-picker	tsSucker>tsInArmVacuum	bplInArmSuckF_Off	TBtnPanelLane	InArmSuckF_Off	REFUSED(Enable=0)	607	Sucker_Off	1	32	28	1	3	0	row 607 Enable=0; ht9045_io_do.js:99 (page greys + toast); C++ NOGUARD would allow but is never reached
InArm 8-picker	tsSucker>tsInArmVacuum	bplInArmSuckH_On	TBtnPanelLane	InArmSuckH_On	REFUSED(Enable=0)	606	Sucker_On	1	32	31	1	3	0	row 606 Enable=0; ht9045_io_do.js:99 (page greys + toast); C++ NOGUARD would allow but is never reached
InArm 8-picker	tsSucker>tsInArmVacuum	bplInArmSuckH_Off	TBtnPanelLane	InArmSuckH_Off	REFUSED(Enable=0)	605	Sucker_Off	1	32	30	1	3	0	row 605 Enable=0; ht9045_io_do.js:99 (page greys + toast); C++ NOGUARD would allow but is never reached
InArm 16-picker	tsSucker>tsInArmVacuum	ledInArmSuckAA	TMyLedLane	InArmSuckAA	NO-ROW									no row -> ioPaintElement io-nodata (HW.IoSetView.html:203-207)
InArm 16-picker	tsSucker>tsInArmVacuum	btnInArmSuckAA_On	TBtnPanelLane	InArmSuckAA_On	NO-ROW									"alias not in IO table; JS whyNotWritable -> ""不在 IO 表"" (ht9045_io_do.js:96)"
InArm 16-picker	tsSucker>tsInArmVacuum	btnInArmSuckAA_Off	TBtnPanelLane	InArmSuckAA_Off	NO-ROW									"alias not in IO table; JS whyNotWritable -> ""不在 IO 表"" (ht9045_io_do.js:96)"
InArm 16-picker	tsSucker>tsInArmVacuum	ledInArmSuckAB	TMyLedLane	InArmSuckAB	NO-ROW									no row -> ioPaintElement io-nodata (HW.IoSetView.html:203-207)
InArm 16-picker	tsSucker>tsInArmVacuum	btnInArmSuckAB_On	TBtnPanelLane	InArmSuckAB_On	NO-ROW									"alias not in IO table; JS whyNotWritable -> ""不在 IO 表"" (ht9045_io_do.js:96)"
InArm 16-picker	tsSucker>tsInArmVacuum	btnInArmSuckAB_Off	TBtnPanelLane	InArmSuckAB_Off	NO-ROW									"alias not in IO table; JS whyNotWritable -> ""不在 IO 表"" (ht9045_io_do.js:96)"
InArm 16-picker	tsSucker>tsInArmVacuum	ledInArmSuckAC	TMyLedLane	InArmSuckAC	NO-ROW									no row -> ioPaintElement io-nodata (HW.IoSetView.html:203-207)
InArm 16-picker	tsSucker>tsInArmVacuum	btnInArmSuckAC_On	TBtnPanelLane	InArmSuckAC_On	NO-ROW									"alias not in IO table; JS whyNotWritable -> ""不在 IO 表"" (ht9045_io_do.js:96)"
InArm 16-picker	tsSucker>tsInArmVacuum	btnInArmSuckAC_Off	TBtnPanelLane	InArmSuckAC_Off	NO-ROW									"alias not in IO table; JS whyNotWritable -> ""不在 IO 表"" (ht9045_io_do.js:96)"
InArm 16-picker	tsSucker>tsInArmVacuum	ledInArmSuckAD	TMyLedLane	InArmSuckAD	NO-ROW									no row -> ioPaintElement io-nodata (HW.IoSetView.html:203-207)
InArm 16-picker	tsSucker>tsInArmVacuum	btnInArmSuckAD_On	TBtnPanelLane	InArmSuckAD_On	NO-ROW									"alias not in IO table; JS whyNotWritable -> ""不在 IO 表"" (ht9045_io_do.js:96)"
InArm 16-picker	tsSucker>tsInArmVacuum	btnInArmSuckAD_Off	TBtnPanelLane	InArmSuckAD_Off	NO-ROW									"alias not in IO table; JS whyNotWritable -> ""不在 IO 表"" (ht9045_io_do.js:96)"
InArm 16-picker	tsSucker>tsInArmVacuum	ledInArmSuckAE	TMyLedLane	InArmSuckAE	NO-ROW									no row -> ioPaintElement io-nodata (HW.IoSetView.html:203-207)
InArm 16-picker	tsSucker>tsInArmVacuum	btnInArmSuckAE_On	TBtnPanelLane	InArmSuckAE_On	NO-ROW									"alias not in IO table; JS whyNotWritable -> ""不在 IO 表"" (ht9045_io_do.js:96)"
InArm 16-picker	tsSucker>tsInArmVacuum	btnInArmSuckAE_Off	TBtnPanelLane	InArmSuckAE_Off	NO-ROW									"alias not in IO table; JS whyNotWritable -> ""不在 IO 表"" (ht9045_io_do.js:96)"
InArm 16-picker	tsSucker>tsInArmVacuum	ledInArmSuckAF	TMyLedLane	InArmSuckAF	NO-ROW									no row -> ioPaintElement io-nodata (HW.IoSetView.html:203-207)
InArm 16-picker	tsSucker>tsInArmVacuum	btnInArmSuckAF_On	TBtnPanelLane	InArmSuckAF_On	NO-ROW									"alias not in IO table; JS whyNotWritable -> ""不在 IO 表"" (ht9045_io_do.js:96)"
InArm 16-picker	tsSucker>tsInArmVacuum	btnInArmSuckAF_Off	TBtnPanelLane	InArmSuckAF_Off	NO-ROW									"alias not in IO table; JS whyNotWritable -> ""不在 IO 表"" (ht9045_io_do.js:96)"
InArm 16-picker	tsSucker>tsInArmVacuum	ledInArmSuckAG	TMyLedLane	InArmSuckAG	NO-ROW									no row -> ioPaintElement io-nodata (HW.IoSetView.html:203-207)
InArm 16-picker	tsSucker>tsInArmVacuum	btnInArmSuckAG_On	TBtnPanelLane	InArmSuckAG_On	NO-ROW									"alias not in IO table; JS whyNotWritable -> ""不在 IO 表"" (ht9045_io_do.js:96)"
InArm 16-picker	tsSucker>tsInArmVacuum	btnInArmSuckAG_Off	TBtnPanelLane	InArmSuckAG_Off	NO-ROW									"alias not in IO table; JS whyNotWritable -> ""不在 IO 表"" (ht9045_io_do.js:96)"
InArm 16-picker	tsSucker>tsInArmVacuum	ledInArmSuckAH	TMyLedLane	InArmSuckAH	NO-ROW									no row -> ioPaintElement io-nodata (HW.IoSetView.html:203-207)
InArm 16-picker	tsSucker>tsInArmVacuum	btnInArmSuckAH_On	TBtnPanelLane	InArmSuckAH_On	NO-ROW									"alias not in IO table; JS whyNotWritable -> ""不在 IO 表"" (ht9045_io_do.js:96)"
InArm 16-picker	tsSucker>tsInArmVacuum	btnInArmSuckAH_Off	TBtnPanelLane	InArmSuckAH_Off	NO-ROW									"alias not in IO table; JS whyNotWritable -> ""不在 IO 表"" (ht9045_io_do.js:96)"
InArm 16-picker	tsSucker>tsInArmVacuum	ledInArmSuckBA	TMyLedLane	InArmSuckBA	NO-ROW									no row -> ioPaintElement io-nodata (HW.IoSetView.html:203-207)
InArm 16-picker	tsSucker>tsInArmVacuum	btnInArmSuckBA_On	TBtnPanelLane	InArmSuckBA_On	NO-ROW									"alias not in IO table; JS whyNotWritable -> ""不在 IO 表"" (ht9045_io_do.js:96)"
InArm 16-picker	tsSucker>tsInArmVacuum	btnInArmSuckBA_Off	TBtnPanelLane	InArmSuckBA_Off	NO-ROW									"alias not in IO table; JS whyNotWritable -> ""不在 IO 表"" (ht9045_io_do.js:96)"
InArm 16-picker	tsSucker>tsInArmVacuum	ledInArmSuckBB	TMyLedLane	InArmSuckBB	NO-ROW									no row -> ioPaintElement io-nodata (HW.IoSetView.html:203-207)
InArm 16-picker	tsSucker>tsInArmVacuum	btnInArmSuckBB_On	TBtnPanelLane	InArmSuckBB_On	NO-ROW									"alias not in IO table; JS whyNotWritable -> ""不在 IO 表"" (ht9045_io_do.js:96)"
InArm 16-picker	tsSucker>tsInArmVacuum	btnInArmSuckBB_Off	TBtnPanelLane	InArmSuckBB_Off	NO-ROW									"alias not in IO table; JS whyNotWritable -> ""不在 IO 表"" (ht9045_io_do.js:96)"
InArm 16-picker	tsSucker>tsInArmVacuum	ledInArmSuckBC	TMyLedLane	InArmSuckBC	NO-ROW									no row -> ioPaintElement io-nodata (HW.IoSetView.html:203-207)
InArm 16-picker	tsSucker>tsInArmVacuum	btnInArmSuckBC_On	TBtnPanelLane	InArmSuckBC_On	NO-ROW									"alias not in IO table; JS whyNotWritable -> ""不在 IO 表"" (ht9045_io_do.js:96)"
InArm 16-picker	tsSucker>tsInArmVacuum	btnInArmSuckBC_Off	TBtnPanelLane	InArmSuckBC_Off	NO-ROW									"alias not in IO table; JS whyNotWritable -> ""不在 IO 表"" (ht9045_io_do.js:96)"
InArm 16-picker	tsSucker>tsInArmVacuum	ledInArmSuckBD	TMyLedLane	InArmSuckBD	NO-ROW									no row -> ioPaintElement io-nodata (HW.IoSetView.html:203-207)
InArm 16-picker	tsSucker>tsInArmVacuum	btnInArmSuckBD_On	TBtnPanelLane	InArmSuckBD_On	NO-ROW									"alias not in IO table; JS whyNotWritable -> ""不在 IO 表"" (ht9045_io_do.js:96)"
InArm 16-picker	tsSucker>tsInArmVacuum	btnInArmSuckBD_Off	TBtnPanelLane	InArmSuckBD_Off	NO-ROW									"alias not in IO table; JS whyNotWritable -> ""不在 IO 表"" (ht9045_io_do.js:96)"
InArm 16-picker	tsSucker>tsInArmVacuum	ledInArmSuckBE	TMyLedLane	InArmSuckBE	NO-ROW									no row -> ioPaintElement io-nodata (HW.IoSetView.html:203-207)
InArm 16-picker	tsSucker>tsInArmVacuum	btnInArmSuckBE_On	TBtnPanelLane	InArmSuckBE_On	NO-ROW									"alias not in IO table; JS whyNotWritable -> ""不在 IO 表"" (ht9045_io_do.js:96)"
InArm 16-picker	tsSucker>tsInArmVacuum	btnInArmSuckBE_Off	TBtnPanelLane	InArmSuckBE_Off	NO-ROW									"alias not in IO table; JS whyNotWritable -> ""不在 IO 表"" (ht9045_io_do.js:96)"
InArm 16-picker	tsSucker>tsInArmVacuum	ledInArmSuckBF	TMyLedLane	InArmSuckBF	NO-ROW									no row -> ioPaintElement io-nodata (HW.IoSetView.html:203-207)
InArm 16-picker	tsSucker>tsInArmVacuum	btnInArmSuckBF_On	TBtnPanelLane	InArmSuckBF_On	NO-ROW									"alias not in IO table; JS whyNotWritable -> ""不在 IO 表"" (ht9045_io_do.js:96)"
InArm 16-picker	tsSucker>tsInArmVacuum	btnInArmSuckBF_Off	TBtnPanelLane	InArmSuckBF_Off	NO-ROW									"alias not in IO table; JS whyNotWritable -> ""不在 IO 表"" (ht9045_io_do.js:96)"
InArm 16-picker	tsSucker>tsInArmVacuum	ledInArmSuckBG	TMyLedLane	InArmSuckBG	NO-ROW									no row -> ioPaintElement io-nodata (HW.IoSetView.html:203-207)
InArm 16-picker	tsSucker>tsInArmVacuum	btnInArmSuckBG_On	TBtnPanelLane	InArmSuckBG_On	NO-ROW									"alias not in IO table; JS whyNotWritable -> ""不在 IO 表"" (ht9045_io_do.js:96)"
InArm 16-picker	tsSucker>tsInArmVacuum	btnInArmSuckBG_Off	TBtnPanelLane	InArmSuckBG_Off	NO-ROW									"alias not in IO table; JS whyNotWritable -> ""不在 IO 表"" (ht9045_io_do.js:96)"
InArm 16-picker	tsSucker>tsInArmVacuum	ledInArmSuckBH	TMyLedLane	InArmSuckBH	NO-ROW									no row -> ioPaintElement io-nodata (HW.IoSetView.html:203-207)
InArm 16-picker	tsSucker>tsInArmVacuum	btnInArmSuckBH_On	TBtnPanelLane	InArmSuckBH_On	NO-ROW									"alias not in IO table; JS whyNotWritable -> ""不在 IO 表"" (ht9045_io_do.js:96)"
InArm 16-picker	tsSucker>tsInArmVacuum	btnInArmSuckBH_Off	TBtnPanelLane	InArmSuckBH_Off	NO-ROW									"alias not in IO table; JS whyNotWritable -> ""不在 IO 表"" (ht9045_io_do.js:96)"
InArm PlacementSuck	tsSucker>tsInArmVacuum	ledInArmPlacementSuck	TMyLedLane	InArmPlacementSuck	NO-ROW									no row -> ioPaintElement io-nodata (HW.IoSetView.html:203-207)
InArm PlacementSuck	tsSucker>tsInArmVacuum	btnInArmPlacementSuck_On	TBtnPanelLane	InArmPlacementSuck_On	NO-ROW									"alias not in IO table; JS whyNotWritable -> ""不在 IO 表"" (ht9045_io_do.js:96)"
InArm PlacementSuck	tsSucker>tsInArmVacuum	btnInArmPlacementSuck_Off	TBtnPanelLane	InArmPlacementSuck_Off	NO-ROW									"alias not in IO table; JS whyNotWritable -> ""不在 IO 表"" (ht9045_io_do.js:96)"
OutArm 8-picker	tsSucker>tsOutArmVacuum	ledOutArmSuckA	TMyLedLane	OutArmSuckA	LAMP-DEAD(disabled)	620	Sucker	1	48	135	1	3	0	row 620 Enable=0: ChanIoPoints.cpp:139 -> quality=disabled, isOn=null
OutArm 8-picker	tsSucker>tsOutArmVacuum	ledOutArmSuckC	TMyLedLane	OutArmSuckC	LAMP-DEAD(disabled)	621	Sucker	1	48	134	1	3	0	row 621 Enable=0: ChanIoPoints.cpp:139 -> quality=disabled, isOn=null
OutArm 8-picker	tsSucker>tsOutArmVacuum	ledOutArmSuckE	TMyLedLane	OutArmSuckE	LAMP-DEAD(disabled)	622	Sucker	1	48	133	1	3	0	row 622 Enable=0: ChanIoPoints.cpp:139 -> quality=disabled, isOn=null
OutArm 8-picker	tsSucker>tsOutArmVacuum	ledOutArmSuckG	TMyLedLane	OutArmSuckG	LAMP-DEAD(disabled)	623	Sucker	1	48	132	1	3	0	row 623 Enable=0: ChanIoPoints.cpp:139 -> quality=disabled, isOn=null
OutArm 8-picker	tsSucker>tsOutArmVacuum	ledOutArmSuckH	TMyLedLane	OutArmSuckH	LAMP-DEAD(disabled)	627	Sucker	1	48	128	1	3	0	row 627 Enable=0: ChanIoPoints.cpp:139 -> quality=disabled, isOn=null
OutArm 8-picker	tsSucker>tsOutArmVacuum	ledOutArmSuckF	TMyLedLane	OutArmSuckF	LAMP-DEAD(disabled)	626	Sucker	1	48	129	1	3	0	row 626 Enable=0: ChanIoPoints.cpp:139 -> quality=disabled, isOn=null
OutArm 8-picker	tsSucker>tsOutArmVacuum	ledOutArmSuckD	TMyLedLane	OutArmSuckD	LAMP-DEAD(disabled)	625	Sucker	1	48	130	1	3	0	row 625 Enable=0: ChanIoPoints.cpp:139 -> quality=disabled, isOn=null
OutArm 8-picker	tsSucker>tsOutArmVacuum	ledOutArmSuckB	TMyLedLane	OutArmSuckB	LAMP-DEAD(disabled)	624	Sucker	1	48	131	1	3	0	row 624 Enable=0: ChanIoPoints.cpp:139 -> quality=disabled, isOn=null
OutArm 8-picker	tsSucker>tsOutArmVacuum	bplOutArmSuckG_Off	TBtnPanelLane	OutArmSuckG_Off	REFUSED(Enable=0)	634	Sucker_Off	1	48	16	1	3	0	row 634 Enable=0; ht9045_io_do.js:99 (page greys + toast); C++ NOGUARD would allow but is never reached
OutArm 8-picker	tsSucker>tsOutArmVacuum	bplOutArmSuckG_On	TBtnPanelLane	OutArmSuckG_On	REFUSED(Enable=0)	635	Sucker_On	1	48	17	1	3	0	row 635 Enable=0; ht9045_io_do.js:99 (page greys + toast); C++ NOGUARD would allow but is never reached
OutArm 8-picker	tsSucker>tsOutArmVacuum	bplOutArmSuckE_Off	TBtnPanelLane	OutArmSuckE_Off	REFUSED(Enable=0)	632	Sucker_Off	1	48	18	1	3	0	row 632 Enable=0; ht9045_io_do.js:99 (page greys + toast); C++ NOGUARD would allow but is never reached
OutArm 8-picker	tsSucker>tsOutArmVacuum	bplOutArmSuckE_On	TBtnPanelLane	OutArmSuckE_On	REFUSED(Enable=0)	633	Sucker_On	1	48	19	1	3	0	row 633 Enable=0; ht9045_io_do.js:99 (page greys + toast); C++ NOGUARD would allow but is never reached
OutArm 8-picker	tsSucker>tsOutArmVacuum	bplOutArmSuckC_Off	TBtnPanelLane	OutArmSuckC_Off	REFUSED(Enable=0)	630	Sucker_Off	1	48	20	1	3	0	row 630 Enable=0; ht9045_io_do.js:99 (page greys + toast); C++ NOGUARD would allow but is never reached
OutArm 8-picker	tsSucker>tsOutArmVacuum	bplOutArmSuckC_On	TBtnPanelLane	OutArmSuckC_On	REFUSED(Enable=0)	631	Sucker_On	1	48	21	1	3	0	row 631 Enable=0; ht9045_io_do.js:99 (page greys + toast); C++ NOGUARD would allow but is never reached
OutArm 8-picker	tsSucker>tsOutArmVacuum	bplOutArmSuckA_Off	TBtnPanelLane	OutArmSuckA_Off	REFUSED(Enable=0)	628	Sucker_Off	1	48	22	1	3	0	row 628 Enable=0; ht9045_io_do.js:99 (page greys + toast); C++ NOGUARD would allow but is never reached
OutArm 8-picker	tsSucker>tsOutArmVacuum	bplOutArmSuckA_On	TBtnPanelLane	OutArmSuckA_On	REFUSED(Enable=0)	629	Sucker_On	1	48	23	1	3	0	row 629 Enable=0; ht9045_io_do.js:99 (page greys + toast); C++ NOGUARD would allow but is never reached
OutArm 8-picker	tsSucker>tsOutArmVacuum	bplOutArmSuckB_On	TBtnPanelLane	OutArmSuckB_On	REFUSED(Enable=0)	637	Sucker_On	1	48	31	1	3	0	row 637 Enable=0; ht9045_io_do.js:99 (page greys + toast); C++ NOGUARD would allow but is never reached
OutArm 8-picker	tsSucker>tsOutArmVacuum	bplOutArmSuckB_Off	TBtnPanelLane	OutArmSuckB_Off	REFUSED(Enable=0)	636	Sucker_Off	1	48	30	1	3	0	row 636 Enable=0; ht9045_io_do.js:99 (page greys + toast); C++ NOGUARD would allow but is never reached
OutArm 8-picker	tsSucker>tsOutArmVacuum	bplOutArmSuckD_On	TBtnPanelLane	OutArmSuckD_On	REFUSED(Enable=0)	639	Sucker_On	1	48	29	1	3	0	row 639 Enable=0; ht9045_io_do.js:99 (page greys + toast); C++ NOGUARD would allow but is never reached
OutArm 8-picker	tsSucker>tsOutArmVacuum	bplOutArmSuckD_Off	TBtnPanelLane	OutArmSuckD_Off	REFUSED(Enable=0)	638	Sucker_Off	1	48	28	1	3	0	row 638 Enable=0; ht9045_io_do.js:99 (page greys + toast); C++ NOGUARD would allow but is never reached
OutArm 8-picker	tsSucker>tsOutArmVacuum	bplOutArmSuckF_On	TBtnPanelLane	OutArmSuckF_On	REFUSED(Enable=0)	641	Sucker_On	1	48	27	1	3	0	row 641 Enable=0; ht9045_io_do.js:99 (page greys + toast); C++ NOGUARD would allow but is never reached
OutArm 8-picker	tsSucker>tsOutArmVacuum	bplOutArmSuckF_Off	TBtnPanelLane	OutArmSuckF_Off	REFUSED(Enable=0)	640	Sucker_Off	1	48	26	1	3	0	row 640 Enable=0; ht9045_io_do.js:99 (page greys + toast); C++ NOGUARD would allow but is never reached
OutArm 8-picker	tsSucker>tsOutArmVacuum	bplOutArmSuckH_On	TBtnPanelLane	OutArmSuckH_On	REFUSED(Enable=0)	643	Sucker_On	1	48	25	1	3	0	row 643 Enable=0; ht9045_io_do.js:99 (page greys + toast); C++ NOGUARD would allow but is never reached
OutArm 8-picker	tsSucker>tsOutArmVacuum	bplOutArmSuckH_Off	TBtnPanelLane	OutArmSuckH_Off	REFUSED(Enable=0)	642	Sucker_Off	1	48	24	1	3	0	row 642 Enable=0; ht9045_io_do.js:99 (page greys + toast); C++ NOGUARD would allow but is never reached
OutArm 16-picker	tsSucker>tsOutArmVacuum	ledOutArmSuckAA	TMyLedLane	OutArmSuckAA	NO-ROW									no row -> ioPaintElement io-nodata (HW.IoSetView.html:203-207)
OutArm 16-picker	tsSucker>tsOutArmVacuum	btnOutArmSuckAA_On	TBtnPanelLane	OutArmSuckAA_On	NO-ROW									"alias not in IO table; JS whyNotWritable -> ""不在 IO 表"" (ht9045_io_do.js:96)"
OutArm 16-picker	tsSucker>tsOutArmVacuum	btnOutArmSuckAA_Off	TBtnPanelLane	OutArmSuckAA_Off	NO-ROW									"alias not in IO table; JS whyNotWritable -> ""不在 IO 表"" (ht9045_io_do.js:96)"
OutArm 16-picker	tsSucker>tsOutArmVacuum	ledOutArmSuckAB	TMyLedLane	OutArmSuckAB	NO-ROW									no row -> ioPaintElement io-nodata (HW.IoSetView.html:203-207)
OutArm 16-picker	tsSucker>tsOutArmVacuum	btnOutArmSuckAB_On	TBtnPanelLane	OutArmSuckAB_On	NO-ROW									"alias not in IO table; JS whyNotWritable -> ""不在 IO 表"" (ht9045_io_do.js:96)"
OutArm 16-picker	tsSucker>tsOutArmVacuum	btnOutArmSuckAB_Off	TBtnPanelLane	OutArmSuckAB_Off	NO-ROW									"alias not in IO table; JS whyNotWritable -> ""不在 IO 表"" (ht9045_io_do.js:96)"
OutArm 16-picker	tsSucker>tsOutArmVacuum	ledOutArmSuckAC	TMyLedLane	OutArmSuckAC	NO-ROW									no row -> ioPaintElement io-nodata (HW.IoSetView.html:203-207)
OutArm 16-picker	tsSucker>tsOutArmVacuum	btnOutArmSuckAC_On	TBtnPanelLane	OutArmSuckAC_On	NO-ROW									"alias not in IO table; JS whyNotWritable -> ""不在 IO 表"" (ht9045_io_do.js:96)"
OutArm 16-picker	tsSucker>tsOutArmVacuum	btnOutArmSuckAC_Off	TBtnPanelLane	OutArmSuckAC_Off	NO-ROW									"alias not in IO table; JS whyNotWritable -> ""不在 IO 表"" (ht9045_io_do.js:96)"
OutArm 16-picker	tsSucker>tsOutArmVacuum	ledOutArmSuckAD	TMyLedLane	OutArmSuckAD	NO-ROW									no row -> ioPaintElement io-nodata (HW.IoSetView.html:203-207)
OutArm 16-picker	tsSucker>tsOutArmVacuum	btnOutArmSuckAD_On	TBtnPanelLane	OutArmSuckAD_On	NO-ROW									"alias not in IO table; JS whyNotWritable -> ""不在 IO 表"" (ht9045_io_do.js:96)"
OutArm 16-picker	tsSucker>tsOutArmVacuum	btnOutArmSuckAD_Off	TBtnPanelLane	OutArmSuckAD_Off	NO-ROW									"alias not in IO table; JS whyNotWritable -> ""不在 IO 表"" (ht9045_io_do.js:96)"
OutArm 16-picker	tsSucker>tsOutArmVacuum	ledOutArmSuckAE	TMyLedLane	OutArmSuckAE	NO-ROW									no row -> ioPaintElement io-nodata (HW.IoSetView.html:203-207)
OutArm 16-picker	tsSucker>tsOutArmVacuum	btnOutArmSuckAE_On	TBtnPanelLane	OutArmSuckAE_On	NO-ROW									"alias not in IO table; JS whyNotWritable -> ""不在 IO 表"" (ht9045_io_do.js:96)"
OutArm 16-picker	tsSucker>tsOutArmVacuum	btnOutArmSuckAE_Off	TBtnPanelLane	OutArmSuckAE_Off	NO-ROW									"alias not in IO table; JS whyNotWritable -> ""不在 IO 表"" (ht9045_io_do.js:96)"
OutArm 16-picker	tsSucker>tsOutArmVacuum	ledOutArmSuckAF	TMyLedLane	OutArmSuckAF	NO-ROW									no row -> ioPaintElement io-nodata (HW.IoSetView.html:203-207)
OutArm 16-picker	tsSucker>tsOutArmVacuum	btnOutArmSuckAF_On	TBtnPanelLane	OutArmSuckAF_On	NO-ROW									"alias not in IO table; JS whyNotWritable -> ""不在 IO 表"" (ht9045_io_do.js:96)"
OutArm 16-picker	tsSucker>tsOutArmVacuum	btnOutArmSuckAF_Off	TBtnPanelLane	OutArmSuckAF_Off	NO-ROW									"alias not in IO table; JS whyNotWritable -> ""不在 IO 表"" (ht9045_io_do.js:96)"
OutArm 16-picker	tsSucker>tsOutArmVacuum	ledOutArmSuckAG	TMyLedLane	OutArmSuckAG	NO-ROW									no row -> ioPaintElement io-nodata (HW.IoSetView.html:203-207)
OutArm 16-picker	tsSucker>tsOutArmVacuum	btnOutArmSuckAG_On	TBtnPanelLane	OutArmSuckAG_On	NO-ROW									"alias not in IO table; JS whyNotWritable -> ""不在 IO 表"" (ht9045_io_do.js:96)"
OutArm 16-picker	tsSucker>tsOutArmVacuum	btnOutArmSuckAG_Off	TBtnPanelLane	OutArmSuckAG_Off	NO-ROW									"alias not in IO table; JS whyNotWritable -> ""不在 IO 表"" (ht9045_io_do.js:96)"
OutArm 16-picker	tsSucker>tsOutArmVacuum	ledOutArmSuckAH	TMyLedLane	OutArmSuckAH	NO-ROW									no row -> ioPaintElement io-nodata (HW.IoSetView.html:203-207)
OutArm 16-picker	tsSucker>tsOutArmVacuum	btnOutArmSuckAH_On	TBtnPanelLane	OutArmSuckAH_On	NO-ROW									"alias not in IO table; JS whyNotWritable -> ""不在 IO 表"" (ht9045_io_do.js:96)"
OutArm 16-picker	tsSucker>tsOutArmVacuum	btnOutArmSuckAH_Off	TBtnPanelLane	OutArmSuckAH_Off	NO-ROW									"alias not in IO table; JS whyNotWritable -> ""不在 IO 表"" (ht9045_io_do.js:96)"
OutArm 16-picker	tsSucker>tsOutArmVacuum	ledOutArmSuckBA	TMyLedLane	OutArmSuckBA	NO-ROW									no row -> ioPaintElement io-nodata (HW.IoSetView.html:203-207)
OutArm 16-picker	tsSucker>tsOutArmVacuum	btnOutArmSuckBA_On	TBtnPanelLane	OutArmSuckBA_On	NO-ROW									"alias not in IO table; JS whyNotWritable -> ""不在 IO 表"" (ht9045_io_do.js:96)"
OutArm 16-picker	tsSucker>tsOutArmVacuum	btnOutArmSuckBA_Off	TBtnPanelLane	OutArmSuckBA_Off	NO-ROW									"alias not in IO table; JS whyNotWritable -> ""不在 IO 表"" (ht9045_io_do.js:96)"
OutArm 16-picker	tsSucker>tsOutArmVacuum	ledOutArmSuckBB	TMyLedLane	OutArmSuckBB	NO-ROW									no row -> ioPaintElement io-nodata (HW.IoSetView.html:203-207)
OutArm 16-picker	tsSucker>tsOutArmVacuum	btnOutArmSuckBB_On	TBtnPanelLane	OutArmSuckBB_On	NO-ROW									"alias not in IO table; JS whyNotWritable -> ""不在 IO 表"" (ht9045_io_do.js:96)"
OutArm 16-picker	tsSucker>tsOutArmVacuum	btnOutArmSuckBB_Off	TBtnPanelLane	OutArmSuckBB_Off	NO-ROW									"alias not in IO table; JS whyNotWritable -> ""不在 IO 表"" (ht9045_io_do.js:96)"
OutArm 16-picker	tsSucker>tsOutArmVacuum	ledOutArmSuckBC	TMyLedLane	OutArmSuckBC	NO-ROW									no row -> ioPaintElement io-nodata (HW.IoSetView.html:203-207)
OutArm 16-picker	tsSucker>tsOutArmVacuum	btnOutArmSuckBC_On	TBtnPanelLane	OutArmSuckBC_On	NO-ROW									"alias not in IO table; JS whyNotWritable -> ""不在 IO 表"" (ht9045_io_do.js:96)"
OutArm 16-picker	tsSucker>tsOutArmVacuum	btnOutArmSuckBC_Off	TBtnPanelLane	OutArmSuckBC_Off	NO-ROW									"alias not in IO table; JS whyNotWritable -> ""不在 IO 表"" (ht9045_io_do.js:96)"
OutArm 16-picker	tsSucker>tsOutArmVacuum	ledOutArmSuckBD	TMyLedLane	OutArmSuckBD	NO-ROW									no row -> ioPaintElement io-nodata (HW.IoSetView.html:203-207)
OutArm 16-picker	tsSucker>tsOutArmVacuum	btnOutArmSuckBD_On	TBtnPanelLane	OutArmSuckBD_On	NO-ROW									"alias not in IO table; JS whyNotWritable -> ""不在 IO 表"" (ht9045_io_do.js:96)"
OutArm 16-picker	tsSucker>tsOutArmVacuum	btnOutArmSuckBD_Off	TBtnPanelLane	OutArmSuckBD_Off	NO-ROW									"alias not in IO table; JS whyNotWritable -> ""不在 IO 表"" (ht9045_io_do.js:96)"
OutArm 16-picker	tsSucker>tsOutArmVacuum	ledOutArmSuckBE	TMyLedLane	OutArmSuckBE	NO-ROW									no row -> ioPaintElement io-nodata (HW.IoSetView.html:203-207)
OutArm 16-picker	tsSucker>tsOutArmVacuum	btnOutArmSuckBE_On	TBtnPanelLane	OutArmSuckBE_On	NO-ROW									"alias not in IO table; JS whyNotWritable -> ""不在 IO 表"" (ht9045_io_do.js:96)"
OutArm 16-picker	tsSucker>tsOutArmVacuum	btnOutArmSuckBE_Off	TBtnPanelLane	OutArmSuckBE_Off	NO-ROW									"alias not in IO table; JS whyNotWritable -> ""不在 IO 表"" (ht9045_io_do.js:96)"
OutArm 16-picker	tsSucker>tsOutArmVacuum	ledOutArmSuckBF	TMyLedLane	OutArmSuckBF	NO-ROW									no row -> ioPaintElement io-nodata (HW.IoSetView.html:203-207)
OutArm 16-picker	tsSucker>tsOutArmVacuum	btnOutArmSuckBF_On	TBtnPanelLane	OutArmSuckBF_On	NO-ROW									"alias not in IO table; JS whyNotWritable -> ""不在 IO 表"" (ht9045_io_do.js:96)"
OutArm 16-picker	tsSucker>tsOutArmVacuum	btnOutArmSuckBF_Off	TBtnPanelLane	OutArmSuckBF_Off	NO-ROW									"alias not in IO table; JS whyNotWritable -> ""不在 IO 表"" (ht9045_io_do.js:96)"
OutArm 16-picker	tsSucker>tsOutArmVacuum	ledOutArmSuckBG	TMyLedLane	OutArmSuckBG	NO-ROW									no row -> ioPaintElement io-nodata (HW.IoSetView.html:203-207)
OutArm 16-picker	tsSucker>tsOutArmVacuum	btnOutArmSuckBG_On	TBtnPanelLane	OutArmSuckBG_On	NO-ROW									"alias not in IO table; JS whyNotWritable -> ""不在 IO 表"" (ht9045_io_do.js:96)"
OutArm 16-picker	tsSucker>tsOutArmVacuum	btnOutArmSuckBG_Off	TBtnPanelLane	OutArmSuckBG_Off	NO-ROW									"alias not in IO table; JS whyNotWritable -> ""不在 IO 表"" (ht9045_io_do.js:96)"
OutArm 16-picker	tsSucker>tsOutArmVacuum	ledOutArmSuckBH	TMyLedLane	OutArmSuckBH	NO-ROW									no row -> ioPaintElement io-nodata (HW.IoSetView.html:203-207)
OutArm 16-picker	tsSucker>tsOutArmVacuum	btnOutArmSuckBH_On	TBtnPanelLane	OutArmSuckBH_On	NO-ROW									"alias not in IO table; JS whyNotWritable -> ""不在 IO 表"" (ht9045_io_do.js:96)"
OutArm 16-picker	tsSucker>tsOutArmVacuum	btnOutArmSuckBH_Off	TBtnPanelLane	OutArmSuckBH_Off	NO-ROW									"alias not in IO table; JS whyNotWritable -> ""不在 IO 表"" (ht9045_io_do.js:96)"
OutArm2Suck	tsSucker>tsOutArmVacuum	ledOutArm2SuckAA	TMyLedLane	OutArm2SuckAA	NO-ROW									no row -> ioPaintElement io-nodata (HW.IoSetView.html:203-207)
OutArm2Suck	tsSucker>tsOutArmVacuum	ledOutArm2SuckAB	TMyLedLane	OutArm2SuckAB	NO-ROW									no row -> ioPaintElement io-nodata (HW.IoSetView.html:203-207)
OutArm2Suck	tsSucker>tsOutArmVacuum	btnOutArm2SuckAB_Off	TBtnPanelLane	OutArm2SuckAB_Off	NO-ROW									"alias not in IO table; JS whyNotWritable -> ""不在 IO 表"" (ht9045_io_do.js:96)"
OutArm2Suck	tsSucker>tsOutArmVacuum	btnOutArm2SuckAB_On	TBtnPanelLane	OutArm2SuckAB_On	NO-ROW									"alias not in IO table; JS whyNotWritable -> ""不在 IO 表"" (ht9045_io_do.js:96)"
OutArm2Suck	tsSucker>tsOutArmVacuum	btnOutArm2SuckAA_Off	TBtnPanelLane	OutArm2SuckAA_Off	NO-ROW									"alias not in IO table; JS whyNotWritable -> ""不在 IO 表"" (ht9045_io_do.js:96)"
OutArm2Suck	tsSucker>tsOutArmVacuum	btnOutArm2SuckAA_On	TBtnPanelLane	OutArm2SuckAA_On	NO-ROW									"alias not in IO table; JS whyNotWritable -> ""不在 IO 表"" (ht9045_io_do.js:96)"
FTestSuck	tsSucker>tsIndexVacuum	ledFTestSuckBA	TMyLedLane	FTestSuckBA	LAMP-DEAD(disabled)	322	Sucker	1	64	129	1	3	0	row 322 Enable=0: ChanIoPoints.cpp:139 -> quality=disabled, isOn=null
FTestSuck	tsSucker>tsIndexVacuum	bplFTestSuckBA_On	TBtnPanelLane	FTestSuckBA_On	REFUSED(Enable=0)	357	Sucker_On	1	64	19	1	3	0	row 357 Enable=0; ht9045_io_do.js:99 (page greys + toast); C++ NOGUARD would allow but is never reached
FTestSuck	tsSucker>tsIndexVacuum	bplFTestSuckBA_Off	TBtnPanelLane	FTestSuckBA_Off	REFUSED(Enable=0)	356	Sucker_Off	1	64	18	1	3	0	row 356 Enable=0; ht9045_io_do.js:99 (page greys + toast); C++ NOGUARD would allow but is never reached
FTestSuck	tsSucker>tsIndexVacuum	ledFTestSuckBB	TMyLedLane	FTestSuckBB	LAMP-DEAD(disabled)	320	Sucker	1	64	131	1	3	0	row 320 Enable=0: ChanIoPoints.cpp:139 -> quality=disabled, isOn=null
FTestSuck	tsSucker>tsIndexVacuum	bplFTestSuckBB_On	TBtnPanelLane	FTestSuckBB_On	REFUSED(Enable=0)	353	Sucker_On	1	64	23	1	3	0	row 353 Enable=0; ht9045_io_do.js:99 (page greys + toast); C++ NOGUARD would allow but is never reached
FTestSuck	tsSucker>tsIndexVacuum	bplFTestSuckBB_Off	TBtnPanelLane	FTestSuckBB_Off	REFUSED(Enable=0)	352	Sucker_Off	1	64	22	1	3	0	row 352 Enable=0; ht9045_io_do.js:99 (page greys + toast); C++ NOGUARD would allow but is never reached
FTestSuck	tsSucker>tsIndexVacuum	ledFTestSuckBC	TMyLedLane	FTestSuckBC	LAMP-DEAD(disabled)	326	Sucker	1	64	133	1	3	0	row 326 Enable=0: ChanIoPoints.cpp:139 -> quality=disabled, isOn=null
FTestSuck	tsSucker>tsIndexVacuum	bplFTestSuckBC_On	TBtnPanelLane	FTestSuckBC_On	REFUSED(Enable=0)	365	Sucker_On	1	64	27	1	3	0	row 365 Enable=0; ht9045_io_do.js:99 (page greys + toast); C++ NOGUARD would allow but is never reached
FTestSuck	tsSucker>tsIndexVacuum	bplFTestSuckBC_Off	TBtnPanelLane	FTestSuckBC_Off	REFUSED(Enable=0)	364	Sucker_Off	1	64	26	1	3	0	row 364 Enable=0; ht9045_io_do.js:99 (page greys + toast); C++ NOGUARD would allow but is never reached
FTestSuck	tsSucker>tsIndexVacuum	ledFTestSuckBD	TMyLedLane	FTestSuckBD	LAMP-DEAD(disabled)	324	Sucker	1	64	135	1	3	0	row 324 Enable=0: ChanIoPoints.cpp:139 -> quality=disabled, isOn=null
FTestSuck	tsSucker>tsIndexVacuum	bplFTestSuckBD_On	TBtnPanelLane	FTestSuckBD_On	REFUSED(Enable=0)	361	Sucker_On	1	64	31	1	3	0	row 361 Enable=0; ht9045_io_do.js:99 (page greys + toast); C++ NOGUARD would allow but is never reached
FTestSuck	tsSucker>tsIndexVacuum	bplFTestSuckBD_Off	TBtnPanelLane	FTestSuckBD_Off	REFUSED(Enable=0)	360	Sucker_Off	1	64	30	1	3	0	row 360 Enable=0; ht9045_io_do.js:99 (page greys + toast); C++ NOGUARD would allow but is never reached
FTestSuck	tsSucker>tsIndexVacuum	ledFTestSuckAA	TMyLedLane	FTestSuckAA	LAMP-DEAD(disabled)	323	Sucker	1	64	128	1	3	0	row 323 Enable=0: ChanIoPoints.cpp:139 -> quality=disabled, isOn=null
FTestSuck	tsSucker>tsIndexVacuum	bplFTestSuckAA_On	TBtnPanelLane	FTestSuckAA_On	REFUSED(Enable=0)	359	Sucker_On	1	64	17	1	3	0	row 359 Enable=0; ht9045_io_do.js:99 (page greys + toast); C++ NOGUARD would allow but is never reached
FTestSuck	tsSucker>tsIndexVacuum	bplFTestSuckAA_Off	TBtnPanelLane	FTestSuckAA_Off	REFUSED(Enable=0)	358	Sucker_Off	1	64	16	1	3	0	row 358 Enable=0; ht9045_io_do.js:99 (page greys + toast); C++ NOGUARD would allow but is never reached
FTestSuck	tsSucker>tsIndexVacuum	ledFTestSuckAB	TMyLedLane	FTestSuckAB	LAMP-DEAD(disabled)	321	Sucker	1	64	130	1	3	0	row 321 Enable=0: ChanIoPoints.cpp:139 -> quality=disabled, isOn=null
FTestSuck	tsSucker>tsIndexVacuum	bplFTestSuckAB_On	TBtnPanelLane	FTestSuckAB_On	REFUSED(Enable=0)	355	Sucker_On	1	64	21	1	3	0	row 355 Enable=0; ht9045_io_do.js:99 (page greys + toast); C++ NOGUARD would allow but is never reached
FTestSuck	tsSucker>tsIndexVacuum	bplFTestSuckAB_Off	TBtnPanelLane	FTestSuckAB_Off	REFUSED(Enable=0)	354	Sucker_Off	1	64	20	1	3	0	row 354 Enable=0; ht9045_io_do.js:99 (page greys + toast); C++ NOGUARD would allow but is never reached
FTestSuck	tsSucker>tsIndexVacuum	ledFTestSuckAC	TMyLedLane	FTestSuckAC	LAMP-DEAD(disabled)	327	Sucker	1	64	132	1	3	0	row 327 Enable=0: ChanIoPoints.cpp:139 -> quality=disabled, isOn=null
FTestSuck	tsSucker>tsIndexVacuum	bplFTestSuckAC_On	TBtnPanelLane	FTestSuckAC_On	REFUSED(Enable=0)	367	Sucker_On	1	64	25	1	3	0	row 367 Enable=0; ht9045_io_do.js:99 (page greys + toast); C++ NOGUARD would allow but is never reached
FTestSuck	tsSucker>tsIndexVacuum	bplFTestSuckAC_Off	TBtnPanelLane	FTestSuckAC_Off	REFUSED(Enable=0)	366	Sucker_Off	1	64	24	1	3	0	row 366 Enable=0; ht9045_io_do.js:99 (page greys + toast); C++ NOGUARD would allow but is never reached
FTestSuck	tsSucker>tsIndexVacuum	ledFTestSuckAD	TMyLedLane	FTestSuckAD	LAMP-DEAD(disabled)	325	Sucker	1	64	134	1	3	0	row 325 Enable=0: ChanIoPoints.cpp:139 -> quality=disabled, isOn=null
FTestSuck	tsSucker>tsIndexVacuum	bplFTestSuckAD_On	TBtnPanelLane	FTestSuckAD_On	REFUSED(Enable=0)	363	Sucker_On	1	64	29	1	3	0	row 363 Enable=0; ht9045_io_do.js:99 (page greys + toast); C++ NOGUARD would allow but is never reached
FTestSuck	tsSucker>tsIndexVacuum	bplFTestSuckAD_Off	TBtnPanelLane	FTestSuckAD_Off	REFUSED(Enable=0)	362	Sucker_Off	1	64	28	1	3	0	row 362 Enable=0; ht9045_io_do.js:99 (page greys + toast); C++ NOGUARD would allow but is never reached
FTestSuck	tsSucker>tsIndexVacuum	ledFTestSuckBA_16	TMyLedLane	FTestSuckBA	LAMP-DEAD(disabled)	322	Sucker	1	64	129	1	3	0	row 322 Enable=0: ChanIoPoints.cpp:139 -> quality=disabled, isOn=null
FTestSuck	tsSucker>tsIndexVacuum	bplFTestSuckBA_On_16	TBtnPanelLane	FTestSuckBA_On	REFUSED(Enable=0)	357	Sucker_On	1	64	19	1	3	0	row 357 Enable=0; ht9045_io_do.js:99 (page greys + toast); C++ NOGUARD would allow but is never reached
FTestSuck	tsSucker>tsIndexVacuum	bplFTestSuckBA_Off_16	TBtnPanelLane	FTestSuckBA_Off	REFUSED(Enable=0)	356	Sucker_Off	1	64	18	1	3	0	row 356 Enable=0; ht9045_io_do.js:99 (page greys + toast); C++ NOGUARD would allow but is never reached
FTestSuck	tsSucker>tsIndexVacuum	ledFTestSuckBB_16	TMyLedLane	FTestSuckBB	LAMP-DEAD(disabled)	320	Sucker	1	64	131	1	3	0	row 320 Enable=0: ChanIoPoints.cpp:139 -> quality=disabled, isOn=null
FTestSuck	tsSucker>tsIndexVacuum	bplFTestSuckBB_On_16	TBtnPanelLane	FTestSuckBB_On	REFUSED(Enable=0)	353	Sucker_On	1	64	23	1	3	0	row 353 Enable=0; ht9045_io_do.js:99 (page greys + toast); C++ NOGUARD would allow but is never reached
FTestSuck	tsSucker>tsIndexVacuum	bplFTestSuckBB_Off_16	TBtnPanelLane	FTestSuckBB_Off	REFUSED(Enable=0)	352	Sucker_Off	1	64	22	1	3	0	row 352 Enable=0; ht9045_io_do.js:99 (page greys + toast); C++ NOGUARD would allow but is never reached
FTestSuck	tsSucker>tsIndexVacuum	ledFTestSuckBC_16	TMyLedLane	FTestSuckBC	LAMP-DEAD(disabled)	326	Sucker	1	64	133	1	3	0	row 326 Enable=0: ChanIoPoints.cpp:139 -> quality=disabled, isOn=null
FTestSuck	tsSucker>tsIndexVacuum	bplFTestSuckBC_On_16	TBtnPanelLane	FTestSuckBC_On	REFUSED(Enable=0)	365	Sucker_On	1	64	27	1	3	0	row 365 Enable=0; ht9045_io_do.js:99 (page greys + toast); C++ NOGUARD would allow but is never reached
FTestSuck	tsSucker>tsIndexVacuum	bplFTestSuckBC_Off_16	TBtnPanelLane	FTestSuckBC_Off	REFUSED(Enable=0)	364	Sucker_Off	1	64	26	1	3	0	row 364 Enable=0; ht9045_io_do.js:99 (page greys + toast); C++ NOGUARD would allow but is never reached
FTestSuck	tsSucker>tsIndexVacuum	ledFTestSuckBD_16	TMyLedLane	FTestSuckBD	LAMP-DEAD(disabled)	324	Sucker	1	64	135	1	3	0	row 324 Enable=0: ChanIoPoints.cpp:139 -> quality=disabled, isOn=null
FTestSuck	tsSucker>tsIndexVacuum	bplFTestSuckBD_On_16	TBtnPanelLane	FTestSuckBD_On	REFUSED(Enable=0)	361	Sucker_On	1	64	31	1	3	0	row 361 Enable=0; ht9045_io_do.js:99 (page greys + toast); C++ NOGUARD would allow but is never reached
FTestSuck	tsSucker>tsIndexVacuum	bplFTestSuckBD_Off_16	TBtnPanelLane	FTestSuckBD_Off	REFUSED(Enable=0)	360	Sucker_Off	1	64	30	1	3	0	row 360 Enable=0; ht9045_io_do.js:99 (page greys + toast); C++ NOGUARD would allow but is never reached
FTestSuck	tsSucker>tsIndexVacuum	ledFTestSuckBE_16	TMyLedLane	FTestSuckBE	LAMP-DEAD(disabled)	330	Sucker	1	65	129	1	3	0	row 330 Enable=0: ChanIoPoints.cpp:139 -> quality=disabled, isOn=null
FTestSuck	tsSucker>tsIndexVacuum	bplFTestSuckBE_On_16	TBtnPanelLane	FTestSuckBE_On	REFUSED(Enable=0)	373	Sucker_On	1	65	19	1	3	0	row 373 Enable=0; ht9045_io_do.js:99 (page greys + toast); C++ NOGUARD would allow but is never reached
FTestSuck	tsSucker>tsIndexVacuum	bplFTestSuckBE_Off_16	TBtnPanelLane	FTestSuckBE_Off	REFUSED(Enable=0)	372	Sucker_Off	1	65	18	1	3	0	row 372 Enable=0; ht9045_io_do.js:99 (page greys + toast); C++ NOGUARD would allow but is never reached
FTestSuck	tsSucker>tsIndexVacuum	ledFTestSuckBF_16	TMyLedLane	FTestSuckBF	LAMP-DEAD(disabled)	328	Sucker	1	65	131	1	3	0	row 328 Enable=0: ChanIoPoints.cpp:139 -> quality=disabled, isOn=null
FTestSuck	tsSucker>tsIndexVacuum	bplFTestSuckBF_On_16	TBtnPanelLane	FTestSuckBF_On	REFUSED(Enable=0)	369	Sucker_On	1	65	23	1	3	0	row 369 Enable=0; ht9045_io_do.js:99 (page greys + toast); C++ NOGUARD would allow but is never reached
FTestSuck	tsSucker>tsIndexVacuum	bplFTestSuckBF_Off_16	TBtnPanelLane	FTestSuckBF_Off	REFUSED(Enable=0)	368	Sucker_Off	1	65	22	1	3	0	row 368 Enable=0; ht9045_io_do.js:99 (page greys + toast); C++ NOGUARD would allow but is never reached
FTestSuck	tsSucker>tsIndexVacuum	ledFTestSuckBG_16	TMyLedLane	FTestSuckBG	LAMP-DEAD(disabled)	334	Sucker	1	65	133	1	3	0	row 334 Enable=0: ChanIoPoints.cpp:139 -> quality=disabled, isOn=null
FTestSuck	tsSucker>tsIndexVacuum	bplFTestSuckBG_On_16	TBtnPanelLane	FTestSuckBG_On	REFUSED(Enable=0)	381	Sucker_On	1	65	27	1	3	0	row 381 Enable=0; ht9045_io_do.js:99 (page greys + toast); C++ NOGUARD would allow but is never reached
FTestSuck	tsSucker>tsIndexVacuum	bplFTestSuckBG_Off_16	TBtnPanelLane	FTestSuckBG_Off	REFUSED(Enable=0)	380	Sucker_Off	1	65	26	1	3	0	row 380 Enable=0; ht9045_io_do.js:99 (page greys + toast); C++ NOGUARD would allow but is never reached
FTestSuck	tsSucker>tsIndexVacuum	ledFTestSuckBH_16	TMyLedLane	FTestSuckBH	LAMP-DEAD(disabled)	332	Sucker	1	65	135	1	3	0	row 332 Enable=0: ChanIoPoints.cpp:139 -> quality=disabled, isOn=null
FTestSuck	tsSucker>tsIndexVacuum	bplFTestSuckBH_On_16	TBtnPanelLane	FTestSuckBH_On	REFUSED(Enable=0)	377	Sucker_On	1	65	31	1	3	0	row 377 Enable=0; ht9045_io_do.js:99 (page greys + toast); C++ NOGUARD would allow but is never reached
FTestSuck	tsSucker>tsIndexVacuum	bplFTestSuckBH_Off_16	TBtnPanelLane	FTestSuckBH_Off	REFUSED(Enable=0)	376	Sucker_Off	1	65	30	1	3	0	row 376 Enable=0; ht9045_io_do.js:99 (page greys + toast); C++ NOGUARD would allow but is never reached
FTestSuck	tsSucker>tsIndexVacuum	ledFTestSuckAA_16	TMyLedLane	FTestSuckAA	LAMP-DEAD(disabled)	323	Sucker	1	64	128	1	3	0	row 323 Enable=0: ChanIoPoints.cpp:139 -> quality=disabled, isOn=null
FTestSuck	tsSucker>tsIndexVacuum	bplFTestSuckAA_On_16	TBtnPanelLane	FTestSuckAA_On	REFUSED(Enable=0)	359	Sucker_On	1	64	17	1	3	0	row 359 Enable=0; ht9045_io_do.js:99 (page greys + toast); C++ NOGUARD would allow but is never reached
FTestSuck	tsSucker>tsIndexVacuum	bplFTestSuckAA_Off_16	TBtnPanelLane	FTestSuckAA_Off	REFUSED(Enable=0)	358	Sucker_Off	1	64	16	1	3	0	row 358 Enable=0; ht9045_io_do.js:99 (page greys + toast); C++ NOGUARD would allow but is never reached
FTestSuck	tsSucker>tsIndexVacuum	ledFTestSuckAB_16	TMyLedLane	FTestSuckAB	LAMP-DEAD(disabled)	321	Sucker	1	64	130	1	3	0	row 321 Enable=0: ChanIoPoints.cpp:139 -> quality=disabled, isOn=null
FTestSuck	tsSucker>tsIndexVacuum	bplFTestSuckAB_On_16	TBtnPanelLane	FTestSuckAB_On	REFUSED(Enable=0)	355	Sucker_On	1	64	21	1	3	0	row 355 Enable=0; ht9045_io_do.js:99 (page greys + toast); C++ NOGUARD would allow but is never reached
FTestSuck	tsSucker>tsIndexVacuum	bplFTestSuckAB_Off_16	TBtnPanelLane	FTestSuckAB_Off	REFUSED(Enable=0)	354	Sucker_Off	1	64	20	1	3	0	row 354 Enable=0; ht9045_io_do.js:99 (page greys + toast); C++ NOGUARD would allow but is never reached
FTestSuck	tsSucker>tsIndexVacuum	ledFTestSuckAC_16	TMyLedLane	FTestSuckAC	LAMP-DEAD(disabled)	327	Sucker	1	64	132	1	3	0	row 327 Enable=0: ChanIoPoints.cpp:139 -> quality=disabled, isOn=null
FTestSuck	tsSucker>tsIndexVacuum	bplFTestSuckAC_On_16	TBtnPanelLane	FTestSuckAC_On	REFUSED(Enable=0)	367	Sucker_On	1	64	25	1	3	0	row 367 Enable=0; ht9045_io_do.js:99 (page greys + toast); C++ NOGUARD would allow but is never reached
FTestSuck	tsSucker>tsIndexVacuum	bplFTestSuckAC_Off_16	TBtnPanelLane	FTestSuckAC_Off	REFUSED(Enable=0)	366	Sucker_Off	1	64	24	1	3	0	row 366 Enable=0; ht9045_io_do.js:99 (page greys + toast); C++ NOGUARD would allow but is never reached
FTestSuck	tsSucker>tsIndexVacuum	ledFTestSuckAD_16	TMyLedLane	FTestSuckAD	LAMP-DEAD(disabled)	325	Sucker	1	64	134	1	3	0	row 325 Enable=0: ChanIoPoints.cpp:139 -> quality=disabled, isOn=null
FTestSuck	tsSucker>tsIndexVacuum	bplFTestSuckAD_On_16	TBtnPanelLane	FTestSuckAD_On	REFUSED(Enable=0)	363	Sucker_On	1	64	29	1	3	0	row 363 Enable=0; ht9045_io_do.js:99 (page greys + toast); C++ NOGUARD would allow but is never reached
FTestSuck	tsSucker>tsIndexVacuum	bplFTestSuckAD_Off_16	TBtnPanelLane	FTestSuckAD_Off	REFUSED(Enable=0)	362	Sucker_Off	1	64	28	1	3	0	row 362 Enable=0; ht9045_io_do.js:99 (page greys + toast); C++ NOGUARD would allow but is never reached
FTestSuck	tsSucker>tsIndexVacuum	ledFTestSuckAE_16	TMyLedLane	FTestSuckAE	LAMP-DEAD(disabled)	331	Sucker	1	65	128	1	3	0	row 331 Enable=0: ChanIoPoints.cpp:139 -> quality=disabled, isOn=null
FTestSuck	tsSucker>tsIndexVacuum	bplFTestSuckAE_On_16	TBtnPanelLane	FTestSuckAE_On	REFUSED(Enable=0)	375	Sucker_On	1	65	17	1	3	0	row 375 Enable=0; ht9045_io_do.js:99 (page greys + toast); C++ NOGUARD would allow but is never reached
FTestSuck	tsSucker>tsIndexVacuum	bplFTestSuckAE_Off_16	TBtnPanelLane	FTestSuckAE_Off	REFUSED(Enable=0)	374	Sucker_Off	1	65	16	1	3	0	row 374 Enable=0; ht9045_io_do.js:99 (page greys + toast); C++ NOGUARD would allow but is never reached
FTestSuck	tsSucker>tsIndexVacuum	ledFTestSuckAF_16	TMyLedLane	FTestSuckAF	LAMP-DEAD(disabled)	329	Sucker	1	65	130	1	3	0	row 329 Enable=0: ChanIoPoints.cpp:139 -> quality=disabled, isOn=null
FTestSuck	tsSucker>tsIndexVacuum	bplFTestSuckAF_On_16	TBtnPanelLane	FTestSuckAF_On	REFUSED(Enable=0)	371	Sucker_On	1	65	21	1	3	0	row 371 Enable=0; ht9045_io_do.js:99 (page greys + toast); C++ NOGUARD would allow but is never reached
FTestSuck	tsSucker>tsIndexVacuum	bplFTestSuckAF_Off_16	TBtnPanelLane	FTestSuckAF_Off	REFUSED(Enable=0)	370	Sucker_Off	1	65	20	1	3	0	row 370 Enable=0; ht9045_io_do.js:99 (page greys + toast); C++ NOGUARD would allow but is never reached
FTestSuck	tsSucker>tsIndexVacuum	ledFTestSuckAG_16	TMyLedLane	FTestSuckAG	LAMP-DEAD(disabled)	335	Sucker	1	65	132	1	3	0	row 335 Enable=0: ChanIoPoints.cpp:139 -> quality=disabled, isOn=null
FTestSuck	tsSucker>tsIndexVacuum	bplFTestSuckAG_On_16	TBtnPanelLane	FTestSuckAG_On	REFUSED(Enable=0)	383	Sucker_On	1	65	25	1	3	0	row 383 Enable=0; ht9045_io_do.js:99 (page greys + toast); C++ NOGUARD would allow but is never reached
FTestSuck	tsSucker>tsIndexVacuum	bplFTestSuckAG_Off_16	TBtnPanelLane	FTestSuckAG_Off	REFUSED(Enable=0)	382	Sucker_Off	1	65	24	1	3	0	row 382 Enable=0; ht9045_io_do.js:99 (page greys + toast); C++ NOGUARD would allow but is never reached
FTestSuck	tsSucker>tsIndexVacuum	ledFTestSuckAH_16	TMyLedLane	FTestSuckAH	LAMP-DEAD(disabled)	333	Sucker	1	65	134	1	3	0	row 333 Enable=0: ChanIoPoints.cpp:139 -> quality=disabled, isOn=null
FTestSuck	tsSucker>tsIndexVacuum	bplFTestSuckAH_On_16	TBtnPanelLane	FTestSuckAH_On	REFUSED(Enable=0)	379	Sucker_On	1	65	29	1	3	0	row 379 Enable=0; ht9045_io_do.js:99 (page greys + toast); C++ NOGUARD would allow but is never reached
FTestSuck	tsSucker>tsIndexVacuum	bplFTestSuckAH_Off_16	TBtnPanelLane	FTestSuckAH_Off	REFUSED(Enable=0)	378	Sucker_Off	1	65	28	1	3	0	row 378 Enable=0; ht9045_io_do.js:99 (page greys + toast); C++ NOGUARD would allow but is never reached
BTestSuck	tsSucker>tsIndexVacuum	ledBTestSuckBA	TMyLedLane	BTestSuckBA	LAMP-DEAD(disabled)	337	Sucker	1	80	134	1	3	0	row 337 Enable=0: ChanIoPoints.cpp:139 -> quality=disabled, isOn=null
BTestSuck	tsSucker>tsIndexVacuum	bplBTestSuckBA_On	TBtnPanelLane	BTestSuckBA_On	REFUSED(Enable=0)	387	Sucker_On	1	80	29	1	3	0	row 387 Enable=0; ht9045_io_do.js:99 (page greys + toast); C++ NOGUARD would allow but is never reached
BTestSuck	tsSucker>tsIndexVacuum	bplBTestSuckBA_Off	TBtnPanelLane	BTestSuckBA_Off	REFUSED(Enable=0)	386	Sucker_Off	1	80	28	1	3	0	row 386 Enable=0; ht9045_io_do.js:99 (page greys + toast); C++ NOGUARD would allow but is never reached
BTestSuck	tsSucker>tsIndexVacuum	ledBTestSuckBB	TMyLedLane	BTestSuckBB	LAMP-DEAD(disabled)	339	Sucker	1	80	132	1	3	0	row 339 Enable=0: ChanIoPoints.cpp:139 -> quality=disabled, isOn=null
BTestSuck	tsSucker>tsIndexVacuum	bplBTestSuckBB_On	TBtnPanelLane	BTestSuckBB_On	REFUSED(Enable=0)	391	Sucker_On	1	80	25	1	3	0	row 391 Enable=0; ht9045_io_do.js:99 (page greys + toast); C++ NOGUARD would allow but is never reached
BTestSuck	tsSucker>tsIndexVacuum	bplBTestSuckBB_Off	TBtnPanelLane	BTestSuckBB_Off	REFUSED(Enable=0)	390	Sucker_Off	1	80	24	1	3	0	row 390 Enable=0; ht9045_io_do.js:99 (page greys + toast); C++ NOGUARD would allow but is never reached
BTestSuck	tsSucker>tsIndexVacuum	ledBTestSuckBC	TMyLedLane	BTestSuckBC	LAMP-DEAD(disabled)	341	Sucker	1	80	130	1	3	0	row 341 Enable=0: ChanIoPoints.cpp:139 -> quality=disabled, isOn=null
BTestSuck	tsSucker>tsIndexVacuum	bplBTestSuckBC_On	TBtnPanelLane	BTestSuckBC_On	REFUSED(Enable=0)	395	Sucker_On	1	80	21	1	3	0	row 395 Enable=0; ht9045_io_do.js:99 (page greys + toast); C++ NOGUARD would allow but is never reached
BTestSuck	tsSucker>tsIndexVacuum	bplBTestSuckBC_Off	TBtnPanelLane	BTestSuckBC_Off	REFUSED(Enable=0)	394	Sucker_Off	1	80	20	1	3	0	row 394 Enable=0; ht9045_io_do.js:99 (page greys + toast); C++ NOGUARD would allow but is never reached
BTestSuck	tsSucker>tsIndexVacuum	ledBTestSuckBD	TMyLedLane	BTestSuckBD	LAMP-DEAD(disabled)	343	Sucker	1	80	128	1	3	0	row 343 Enable=0: ChanIoPoints.cpp:139 -> quality=disabled, isOn=null
BTestSuck	tsSucker>tsIndexVacuum	bplBTestSuckBD_On	TBtnPanelLane	BTestSuckBD_On	REFUSED(Enable=0)	399	Sucker_On	1	80	17	1	3	0	row 399 Enable=0; ht9045_io_do.js:99 (page greys + toast); C++ NOGUARD would allow but is never reached
BTestSuck	tsSucker>tsIndexVacuum	bplBTestSuckBD_Off	TBtnPanelLane	BTestSuckBD_Off	REFUSED(Enable=0)	398	Sucker_Off	1	80	16	1	3	0	row 398 Enable=0; ht9045_io_do.js:99 (page greys + toast); C++ NOGUARD would allow but is never reached
BTestSuck	tsSucker>tsIndexVacuum	ledBTestSuckAA	TMyLedLane	BTestSuckAA	LAMP-DEAD(disabled)	336	Sucker	1	80	135	1	3	0	row 336 Enable=0: ChanIoPoints.cpp:139 -> quality=disabled, isOn=null
BTestSuck	tsSucker>tsIndexVacuum	bplBTestSuckAA_On	TBtnPanelLane	BTestSuckAA_On	REFUSED(Enable=0)	385	Sucker_On	1	80	31	1	3	0	row 385 Enable=0; ht9045_io_do.js:99 (page greys + toast); C++ NOGUARD would allow but is never reached
BTestSuck	tsSucker>tsIndexVacuum	bplBTestSuckAA_Off	TBtnPanelLane	BTestSuckAA_Off	REFUSED(Enable=0)	384	Sucker_Off	1	80	30	1	3	0	row 384 Enable=0; ht9045_io_do.js:99 (page greys + toast); C++ NOGUARD would allow but is never reached
BTestSuck	tsSucker>tsIndexVacuum	ledBTestSuckAB	TMyLedLane	BTestSuckAB	LAMP-DEAD(disabled)	338	Sucker	1	80	133	1	3	0	row 338 Enable=0: ChanIoPoints.cpp:139 -> quality=disabled, isOn=null
BTestSuck	tsSucker>tsIndexVacuum	bplBTestSuckAB_On	TBtnPanelLane	BTestSuckAB_On	REFUSED(Enable=0)	389	Sucker_On	1	80	27	1	3	0	row 389 Enable=0; ht9045_io_do.js:99 (page greys + toast); C++ NOGUARD would allow but is never reached
BTestSuck	tsSucker>tsIndexVacuum	bplBTestSuckAB_Off	TBtnPanelLane	BTestSuckAB_Off	REFUSED(Enable=0)	388	Sucker_Off	1	80	26	1	3	0	row 388 Enable=0; ht9045_io_do.js:99 (page greys + toast); C++ NOGUARD would allow but is never reached
BTestSuck	tsSucker>tsIndexVacuum	ledBTestSuckAC	TMyLedLane	BTestSuckAC	LAMP-DEAD(disabled)	340	Sucker	1	80	131	1	3	0	row 340 Enable=0: ChanIoPoints.cpp:139 -> quality=disabled, isOn=null
BTestSuck	tsSucker>tsIndexVacuum	bplBTestSuckAC_On	TBtnPanelLane	BTestSuckAC_On	REFUSED(Enable=0)	393	Sucker_On	1	80	23	1	3	0	row 393 Enable=0; ht9045_io_do.js:99 (page greys + toast); C++ NOGUARD would allow but is never reached
BTestSuck	tsSucker>tsIndexVacuum	bplBTestSuckAC_Off	TBtnPanelLane	BTestSuckAC_Off	REFUSED(Enable=0)	392	Sucker_Off	1	80	22	1	3	0	row 392 Enable=0; ht9045_io_do.js:99 (page greys + toast); C++ NOGUARD would allow but is never reached
BTestSuck	tsSucker>tsIndexVacuum	ledBTestSuckAD	TMyLedLane	BTestSuckAD	LAMP-DEAD(disabled)	342	Sucker	1	80	129	1	3	0	row 342 Enable=0: ChanIoPoints.cpp:139 -> quality=disabled, isOn=null
BTestSuck	tsSucker>tsIndexVacuum	bplBTestSuckAD_On	TBtnPanelLane	BTestSuckAD_On	REFUSED(Enable=0)	397	Sucker_On	1	80	19	1	3	0	row 397 Enable=0; ht9045_io_do.js:99 (page greys + toast); C++ NOGUARD would allow but is never reached
BTestSuck	tsSucker>tsIndexVacuum	bplBTestSuckAD_Off	TBtnPanelLane	BTestSuckAD_Off	REFUSED(Enable=0)	396	Sucker_Off	1	80	18	1	3	0	row 396 Enable=0; ht9045_io_do.js:99 (page greys + toast); C++ NOGUARD would allow but is never reached
BTestSuck	tsSucker>tsIndexVacuum	ledBTestSuckBA_16	TMyLedLane	BTestSuckBA	LAMP-DEAD(disabled)	337	Sucker	1	80	134	1	3	0	row 337 Enable=0: ChanIoPoints.cpp:139 -> quality=disabled, isOn=null
BTestSuck	tsSucker>tsIndexVacuum	bplBTestSuckBA_On_16	TBtnPanelLane	BTestSuckBA_On	REFUSED(Enable=0)	387	Sucker_On	1	80	29	1	3	0	row 387 Enable=0; ht9045_io_do.js:99 (page greys + toast); C++ NOGUARD would allow but is never reached
BTestSuck	tsSucker>tsIndexVacuum	bplBTestSuckBA_Off_16	TBtnPanelLane	BTestSuckBA_Off	REFUSED(Enable=0)	386	Sucker_Off	1	80	28	1	3	0	row 386 Enable=0; ht9045_io_do.js:99 (page greys + toast); C++ NOGUARD would allow but is never reached
BTestSuck	tsSucker>tsIndexVacuum	ledBTestSuckBB_16	TMyLedLane	BTestSuckBB	LAMP-DEAD(disabled)	339	Sucker	1	80	132	1	3	0	row 339 Enable=0: ChanIoPoints.cpp:139 -> quality=disabled, isOn=null
BTestSuck	tsSucker>tsIndexVacuum	bplBTestSuckBB_On_16	TBtnPanelLane	BTestSuckBB_On	REFUSED(Enable=0)	391	Sucker_On	1	80	25	1	3	0	row 391 Enable=0; ht9045_io_do.js:99 (page greys + toast); C++ NOGUARD would allow but is never reached
BTestSuck	tsSucker>tsIndexVacuum	bplBTestSuckBB_Off_16	TBtnPanelLane	BTestSuckBB_Off	REFUSED(Enable=0)	390	Sucker_Off	1	80	24	1	3	0	row 390 Enable=0; ht9045_io_do.js:99 (page greys + toast); C++ NOGUARD would allow but is never reached
BTestSuck	tsSucker>tsIndexVacuum	ledBTestSuckBC_16	TMyLedLane	BTestSuckBC	LAMP-DEAD(disabled)	341	Sucker	1	80	130	1	3	0	row 341 Enable=0: ChanIoPoints.cpp:139 -> quality=disabled, isOn=null
BTestSuck	tsSucker>tsIndexVacuum	bplBTestSuckBC_On_16	TBtnPanelLane	BTestSuckBC_On	REFUSED(Enable=0)	395	Sucker_On	1	80	21	1	3	0	row 395 Enable=0; ht9045_io_do.js:99 (page greys + toast); C++ NOGUARD would allow but is never reached
BTestSuck	tsSucker>tsIndexVacuum	bplBTestSuckBC_Off_16	TBtnPanelLane	BTestSuckBC_Off	REFUSED(Enable=0)	394	Sucker_Off	1	80	20	1	3	0	row 394 Enable=0; ht9045_io_do.js:99 (page greys + toast); C++ NOGUARD would allow but is never reached
BTestSuck	tsSucker>tsIndexVacuum	ledBTestSuckBD_16	TMyLedLane	BTestSuckBD	LAMP-DEAD(disabled)	343	Sucker	1	80	128	1	3	0	row 343 Enable=0: ChanIoPoints.cpp:139 -> quality=disabled, isOn=null
BTestSuck	tsSucker>tsIndexVacuum	bplBTestSuckBD_On_16	TBtnPanelLane	BTestSuckBD_On	REFUSED(Enable=0)	399	Sucker_On	1	80	17	1	3	0	row 399 Enable=0; ht9045_io_do.js:99 (page greys + toast); C++ NOGUARD would allow but is never reached
BTestSuck	tsSucker>tsIndexVacuum	bplBTestSuckBD_Off_16	TBtnPanelLane	BTestSuckBD_Off	REFUSED(Enable=0)	398	Sucker_Off	1	80	16	1	3	0	row 398 Enable=0; ht9045_io_do.js:99 (page greys + toast); C++ NOGUARD would allow but is never reached
BTestSuck	tsSucker>tsIndexVacuum	ledBTestSuckBE_16	TMyLedLane	BTestSuckBE	LAMP-DEAD(disabled)	345	Sucker	1	81	134	1	3	0	row 345 Enable=0: ChanIoPoints.cpp:139 -> quality=disabled, isOn=null
BTestSuck	tsSucker>tsIndexVacuum	bplBTestSuckBE_On_16	TBtnPanelLane	BTestSuckBE_On	REFUSED(Enable=0)	403	Sucker_On	1	81	29	1	3	0	row 403 Enable=0; ht9045_io_do.js:99 (page greys + toast); C++ NOGUARD would allow but is never reached
BTestSuck	tsSucker>tsIndexVacuum	bplBTestSuckBE_Off_16	TBtnPanelLane	BTestSuckBE_Off	REFUSED(Enable=0)	402	Sucker_Off	1	81	28	1	3	0	row 402 Enable=0; ht9045_io_do.js:99 (page greys + toast); C++ NOGUARD would allow but is never reached
BTestSuck	tsSucker>tsIndexVacuum	ledBTestSuckBF_16	TMyLedLane	BTestSuckBF	LAMP-DEAD(disabled)	347	Sucker	1	81	132	1	3	0	row 347 Enable=0: ChanIoPoints.cpp:139 -> quality=disabled, isOn=null
BTestSuck	tsSucker>tsIndexVacuum	bplBTestSuckBF_On_16	TBtnPanelLane	BTestSuckBF_On	REFUSED(Enable=0)	407	Sucker_On	1	81	25	1	3	0	row 407 Enable=0; ht9045_io_do.js:99 (page greys + toast); C++ NOGUARD would allow but is never reached
BTestSuck	tsSucker>tsIndexVacuum	bplBTestSuckBF_Off_16	TBtnPanelLane	BTestSuckBF_Off	REFUSED(Enable=0)	406	Sucker_Off	1	81	24	1	3	0	row 406 Enable=0; ht9045_io_do.js:99 (page greys + toast); C++ NOGUARD would allow but is never reached
BTestSuck	tsSucker>tsIndexVacuum	ledBTestSuckBG_16	TMyLedLane	BTestSuckBG	LAMP-DEAD(disabled)	349	Sucker	1	81	130	1	3	0	row 349 Enable=0: ChanIoPoints.cpp:139 -> quality=disabled, isOn=null
BTestSuck	tsSucker>tsIndexVacuum	bplBTestSuckBG_On_16	TBtnPanelLane	BTestSuckBG_On	REFUSED(Enable=0)	411	Sucker_On	1	81	21	1	3	0	row 411 Enable=0; ht9045_io_do.js:99 (page greys + toast); C++ NOGUARD would allow but is never reached
BTestSuck	tsSucker>tsIndexVacuum	bplBTestSuckBG_Off_16	TBtnPanelLane	BTestSuckBG_Off	REFUSED(Enable=0)	410	Sucker_Off	1	81	20	1	3	0	row 410 Enable=0; ht9045_io_do.js:99 (page greys + toast); C++ NOGUARD would allow but is never reached
BTestSuck	tsSucker>tsIndexVacuum	ledBTestSuckBH_16	TMyLedLane	BTestSuckBH	LAMP-DEAD(disabled)	351	Sucker	1	81	128	1	3	0	row 351 Enable=0: ChanIoPoints.cpp:139 -> quality=disabled, isOn=null
BTestSuck	tsSucker>tsIndexVacuum	bplBTestSuckBH_On_16	TBtnPanelLane	BTestSuckBH_On	REFUSED(Enable=0)	415	Sucker_On	1	81	17	1	3	0	row 415 Enable=0; ht9045_io_do.js:99 (page greys + toast); C++ NOGUARD would allow but is never reached
BTestSuck	tsSucker>tsIndexVacuum	bplBTestSuckBH_Off_16	TBtnPanelLane	BTestSuckBH_Off	REFUSED(Enable=0)	414	Sucker_Off	1	81	16	1	3	0	row 414 Enable=0; ht9045_io_do.js:99 (page greys + toast); C++ NOGUARD would allow but is never reached
BTestSuck	tsSucker>tsIndexVacuum	ledBTestSuckAA_16	TMyLedLane	BTestSuckAA	LAMP-DEAD(disabled)	336	Sucker	1	80	135	1	3	0	row 336 Enable=0: ChanIoPoints.cpp:139 -> quality=disabled, isOn=null
BTestSuck	tsSucker>tsIndexVacuum	bplBTestSuckAA_On_16	TBtnPanelLane	BTestSuckAA_On	REFUSED(Enable=0)	385	Sucker_On	1	80	31	1	3	0	row 385 Enable=0; ht9045_io_do.js:99 (page greys + toast); C++ NOGUARD would allow but is never reached
BTestSuck	tsSucker>tsIndexVacuum	bplBTestSuckAA_Off_16	TBtnPanelLane	BTestSuckAA_Off	REFUSED(Enable=0)	384	Sucker_Off	1	80	30	1	3	0	row 384 Enable=0; ht9045_io_do.js:99 (page greys + toast); C++ NOGUARD would allow but is never reached
BTestSuck	tsSucker>tsIndexVacuum	ledBTestSuckAB_16	TMyLedLane	BTestSuckAB	LAMP-DEAD(disabled)	338	Sucker	1	80	133	1	3	0	row 338 Enable=0: ChanIoPoints.cpp:139 -> quality=disabled, isOn=null
BTestSuck	tsSucker>tsIndexVacuum	bplBTestSuckAB_On_16	TBtnPanelLane	BTestSuckAB_On	REFUSED(Enable=0)	389	Sucker_On	1	80	27	1	3	0	row 389 Enable=0; ht9045_io_do.js:99 (page greys + toast); C++ NOGUARD would allow but is never reached
BTestSuck	tsSucker>tsIndexVacuum	bplBTestSuckAB_Off_16	TBtnPanelLane	BTestSuckAB_Off	REFUSED(Enable=0)	388	Sucker_Off	1	80	26	1	3	0	row 388 Enable=0; ht9045_io_do.js:99 (page greys + toast); C++ NOGUARD would allow but is never reached
BTestSuck	tsSucker>tsIndexVacuum	ledBTestSuckAC_16	TMyLedLane	BTestSuckAC	LAMP-DEAD(disabled)	340	Sucker	1	80	131	1	3	0	row 340 Enable=0: ChanIoPoints.cpp:139 -> quality=disabled, isOn=null
BTestSuck	tsSucker>tsIndexVacuum	bplBTestSuckAC_On_16	TBtnPanelLane	BTestSuckAC_On	REFUSED(Enable=0)	393	Sucker_On	1	80	23	1	3	0	row 393 Enable=0; ht9045_io_do.js:99 (page greys + toast); C++ NOGUARD would allow but is never reached
BTestSuck	tsSucker>tsIndexVacuum	bplBTestSuckAC_Off_16	TBtnPanelLane	BTestSuckAC_Off	REFUSED(Enable=0)	392	Sucker_Off	1	80	22	1	3	0	row 392 Enable=0; ht9045_io_do.js:99 (page greys + toast); C++ NOGUARD would allow but is never reached
BTestSuck	tsSucker>tsIndexVacuum	ledBTestSuckAD_16	TMyLedLane	BTestSuckAD	LAMP-DEAD(disabled)	342	Sucker	1	80	129	1	3	0	row 342 Enable=0: ChanIoPoints.cpp:139 -> quality=disabled, isOn=null
BTestSuck	tsSucker>tsIndexVacuum	bplBTestSuckAD_On_16	TBtnPanelLane	BTestSuckAD_On	REFUSED(Enable=0)	397	Sucker_On	1	80	19	1	3	0	row 397 Enable=0; ht9045_io_do.js:99 (page greys + toast); C++ NOGUARD would allow but is never reached
BTestSuck	tsSucker>tsIndexVacuum	bplBTestSuckAD_Off_16	TBtnPanelLane	BTestSuckAD_Off	REFUSED(Enable=0)	396	Sucker_Off	1	80	18	1	3	0	row 396 Enable=0; ht9045_io_do.js:99 (page greys + toast); C++ NOGUARD would allow but is never reached
BTestSuck	tsSucker>tsIndexVacuum	ledBTestSuckAE_16	TMyLedLane	BTestSuckAE	LAMP-DEAD(disabled)	344	Sucker	1	81	135	1	3	0	row 344 Enable=0: ChanIoPoints.cpp:139 -> quality=disabled, isOn=null
BTestSuck	tsSucker>tsIndexVacuum	bplBTestSuckAE_On_16	TBtnPanelLane	BTestSuckAE_On	REFUSED(Enable=0)	401	Sucker_On	1	81	31	1	3	0	row 401 Enable=0; ht9045_io_do.js:99 (page greys + toast); C++ NOGUARD would allow but is never reached
BTestSuck	tsSucker>tsIndexVacuum	bplBTestSuckAE_Off_16	TBtnPanelLane	BTestSuckAE_Off	REFUSED(Enable=0)	400	Sucker_Off	1	81	30	1	3	0	row 400 Enable=0; ht9045_io_do.js:99 (page greys + toast); C++ NOGUARD would allow but is never reached
BTestSuck	tsSucker>tsIndexVacuum	ledBTestSuckAF_16	TMyLedLane	BTestSuckAF	LAMP-DEAD(disabled)	346	Sucker	1	81	133	1	3	0	row 346 Enable=0: ChanIoPoints.cpp:139 -> quality=disabled, isOn=null
BTestSuck	tsSucker>tsIndexVacuum	bplBTestSuckAF_On_16	TBtnPanelLane	BTestSuckAF_On	REFUSED(Enable=0)	405	Sucker_On	1	81	27	1	3	0	row 405 Enable=0; ht9045_io_do.js:99 (page greys + toast); C++ NOGUARD would allow but is never reached
BTestSuck	tsSucker>tsIndexVacuum	bplBTestSuckAF_Off_16	TBtnPanelLane	BTestSuckAF_Off	REFUSED(Enable=0)	404	Sucker_Off	1	81	26	1	3	0	row 404 Enable=0; ht9045_io_do.js:99 (page greys + toast); C++ NOGUARD would allow but is never reached
BTestSuck	tsSucker>tsIndexVacuum	ledBTestSuckAG_16	TMyLedLane	BTestSuckAG	LAMP-DEAD(disabled)	348	Sucker	1	81	131	1	3	0	row 348 Enable=0: ChanIoPoints.cpp:139 -> quality=disabled, isOn=null
BTestSuck	tsSucker>tsIndexVacuum	bplBTestSuckAG_On_16	TBtnPanelLane	BTestSuckAG_On	REFUSED(Enable=0)	409	Sucker_On	1	81	23	1	3	0	row 409 Enable=0; ht9045_io_do.js:99 (page greys + toast); C++ NOGUARD would allow but is never reached
BTestSuck	tsSucker>tsIndexVacuum	bplBTestSuckAG_Off_16	TBtnPanelLane	BTestSuckAG_Off	REFUSED(Enable=0)	408	Sucker_Off	1	81	22	1	3	0	row 408 Enable=0; ht9045_io_do.js:99 (page greys + toast); C++ NOGUARD would allow but is never reached
BTestSuck	tsSucker>tsIndexVacuum	ledBTestSuckAH_16	TMyLedLane	BTestSuckAH	LAMP-DEAD(disabled)	350	Sucker	1	81	129	1	3	0	row 350 Enable=0: ChanIoPoints.cpp:139 -> quality=disabled, isOn=null
BTestSuck	tsSucker>tsIndexVacuum	bplBTestSuckAH_On_16	TBtnPanelLane	BTestSuckAH_On	REFUSED(Enable=0)	413	Sucker_On	1	81	19	1	3	0	row 413 Enable=0; ht9045_io_do.js:99 (page greys + toast); C++ NOGUARD would allow but is never reached
BTestSuck	tsSucker>tsIndexVacuum	bplBTestSuckAH_Off_16	TBtnPanelLane	BTestSuckAH_Off	REFUSED(Enable=0)	412	Sucker_Off	1	81	18	1	3	0	row 412 Enable=0; ht9045_io_do.js:99 (page greys + toast); C++ NOGUARD would allow but is never reached
CatchSuck	tsSucker>tsOtherVacuum>tsTrayArm	ledCatchSuck	TMyLedLane	CatchSuck	LAMP-DEAD(nosource)	12	Sucker	0	1	1	1	0	0	row 12 ISABase=0: ChanIoPoints.cpp:119 -> nosource/null
CatchSuck	tsSucker>tsOtherVacuum>tsTrayArm	bplCatchSuck_Off	TBtnPanelLane	CatchSuck_Off	REFUSED(not1203)	32	Sucker_Off	0	1	3	1	0	0	row 32 ISABase=0 (MotionNet); ht9045_io_do.js:98
CatchSuck	tsSucker>tsOtherVacuum>tsTrayArm	bplCatchSuck_On	TBtnPanelLane	CatchSuck_On	REFUSED(not1203)	29	Sucker_On	0	1	3	1	0	0	row 29 ISABase=0 (MotionNet); ht9045_io_do.js:98
CheckKitSuck	tsSucker>tsOtherVacuum	ledCheckKitSuck_2	TMyLedLane	CheckKitSuck_2	NO-ROW									no row -> ioPaintElement io-nodata (HW.IoSetView.html:203-207)
CheckKitSuck	tsSucker>tsOtherVacuum	bplCheckKitSuck_2_On	TBtnPanelLane	CheckKitSuck_2_On	NO-ROW									"alias not in IO table; JS whyNotWritable -> ""不在 IO 表"" (ht9045_io_do.js:96)"
CheckKitSuck	tsSucker>tsOtherVacuum	bplCheckKitSuck_2_Off	TBtnPanelLane	CheckKitSuck_2_Off	NO-ROW									"alias not in IO table; JS whyNotWritable -> ""不在 IO 表"" (ht9045_io_do.js:96)"
CheckKitSuck	tsSucker>tsOtherVacuum	ledCheckKitSuck_1	TMyLedLane	CheckKitSuck_1	NO-ROW									no row -> ioPaintElement io-nodata (HW.IoSetView.html:203-207)
CheckKitSuck	tsSucker>tsOtherVacuum	bplCheckKitSuck_1_On	TBtnPanelLane	CheckKitSuck_1_On	NO-ROW									"alias not in IO table; JS whyNotWritable -> ""不在 IO 表"" (ht9045_io_do.js:96)"
CheckKitSuck	tsSucker>tsOtherVacuum	bplCheckKitSuck_1_Off	TBtnPanelLane	CheckKitSuck_1_Off	NO-ROW									"alias not in IO table; JS whyNotWritable -> ""不在 IO 表"" (ht9045_io_do.js:96)"
Z1/Z2 SuckMode	tsIndex	btnIndexArm1SuckMode1	TBtnPanelLane	SwZ1SuckMode0	REFUSED(not1203)	439	Switch	1	3	2	1	0	0	row 439 ISABase=0 (MotionNet); ht9045_io_do.js:98
Z1/Z2 SuckMode	tsIndex	btnIndexArm1SuckMode2	TBtnPanelLane	SwZ1SuckMode1	REFUSED(not1203)	440	Switch	1	3	2	1	0	0	row 440 ISABase=0 (MotionNet); ht9045_io_do.js:98
Z1/Z2 SuckMode	tsIndex	btnIndexArm2SuckMode1	TBtnPanelLane	SwZ2SuckMode0	REFUSED(not1203)	444	Switch	1	3	3	1	0	0	row 444 ISABase=0 (MotionNet); ht9045_io_do.js:98
Z1/Z2 SuckMode	tsIndex	btnIndexArm2SuckMode2	TBtnPanelLane	SwZ2SuckMode1	REFUSED(not1203)	445	Switch	1	3	3	1	0	0	row 445 ISABase=0 (MotionNet); ht9045_io_do.js:98
SwDieCleanSuck	tsSystem	btnSwDieCleanSuck	TBtnPanelLane	SwDieCleanSuck	WORKS?	1060	Switch	1	1	21	1	3	1	row 1060 Enable=1 ISABase=3; needs quality=good (card byte readable)
All Vacuum/Destroy	tsSucker>tsIndexVacuum	btnAllVacuum	TBtnPanelLane		NO-ALIAS									no Alias= in title; ht9045_io_do.js:272-273 returns, page toggle only (HW.IoSetView.html:124-126)
All Vacuum/Destroy	tsSucker>tsIndexVacuum	btnAllDestory	TBtnPanelLane		NO-ALIAS									no Alias= in title; ht9045_io_do.js:272-273 returns, page toggle only (HW.IoSetView.html:124-126)
